dr,cr,net,holding,p&l,nifty_performance,strategy_performance
1080618.24,0,-1080618.24,,,,
18951655.42,0,-20032273.66,,,1,
18951655.42,0,-20032273.66,19411044.0,-621229.66,0.9803154434,0.9689885596
18951655.42,0,-20032273.66,18628512.0,-1403761.66,0.9680917136,0.9299249958
18951655.42,0,-20032273.66,18861927.0,-1170346.66,0.9666438543,0.9415769433
18951655.42,0,-20032273.66,18716869.0,-1315404.66,0.9652157745,0.9343357283
18951655.42,0,-20032273.66,18138954.0,-1893319.66,0.956568178,0.9054865318
18951655.42,0,-20032273.66,18834889.0,-1197384.66,0.962832345,0.9402272213
18951655.42,0,-20032273.66,19101220.0,-931053.66,0.9678840288,0.9535223172
18951655.42,0,-20032273.66,19101220.0,-931053.66,0.9628995953,0.9535223172
18951655.42,0,-20032273.66,19236397.0,-795876.66,0.9575393513,0.9602702782
18951655.42,0,-20032273.66,19378649.0,-653624.66,0.9614556919,0.9673714192
18951655.42,0,-20032273.66,19013361.0,-1018912.66,0.9492319621,0.9491364447
18951655.42,0,-20032273.66,19171102.0,-861171.66,0.9578538453,0.957010788
18951655.42,0,-20032273.66,19718329.0,-313944.66,0.9685644436,0.9843280565
18951655.42,0,-20032273.66,19542817.0,-489456.66,0.9573019973,0.9755665948
18951655.42,0,-20032273.66,18955853.0,-1076420.66,0.9552785547,0.9462656772
18951655.42,0,-20032273.66,18862394.0,-1169879.66,0.9550055976,0.9416002557
18951655.42,0,-20032273.66,18652204.0,-1380069.66,0.9448053104,0.9311076874
18951655.42,0,-20032273.66,17914121.0,-2118152.66,0.931972372,0.894262993
18951655.42,0,-20032273.66,17934330.0,-2097943.66,0.9309299924,0.8952718151
18951655.42,0,-20032273.66,17903741.0,-2128532.66,0.9278087876,0.8937448292
18951655.42,0,-20032273.66,18236937.0,-1795336.66,0.9303682547,0.9103777888
18951655.42,0,-20032273.66,18143354.0,-1888919.66,0.9236986079,0.9057061773
18951655.42,0,-20032273.66,18252373.0,-1779900.66,0.9457468145,0.9111483454
18951655.42,0,-20032273.66,18252373.0,-1779900.66,0.9581940527,0.9111483454
18951655.42,0,-20032273.66,18430398.0,-1601875.66,0.9571101362,0.9200352548
18951655.42,0,-20032273.66,18694188.0,-1338085.66,0.9602906795,0.9332035054
18951655.42,0,-20032273.66,18898033.0,-1134240.66,0.9460197716,0.9433793348
18951655.42,0,-20032273.66,18902497.0,-1129776.66,0.9546020958,0.9436021752
18951655.42,0,-20032273.66,19093250.0,-939023.66,0.9603361724,0.9531244593
18951655.42,0,-20032273.66,19255787.0,-776486.66,0.9675003066,0.9612382162
18951655.42,0,-20032273.66,19423700.0,-608573.66,0.9679077642,0.9696203401
18951655.42,0,-20032273.66,19776143.0,-256130.66,0.9774395044,0.9872140994
0.0,1040095.91,-18992180.47,19997329.0,1005148.53,0.9762289991,0.9982555819
1444239.67,0,-20436420.14,19997329.0,-439091.14,0.9739029301,0.9982555819
1444239.67,0,-20436420.14,20295915.0,-140505.14,0.9735488771,1.01316083
1444239.67,0,-20436420.14,20232458.0,-203962.14,0.9748048753,1.009993091
1444239.67,0,-20436420.14,20334090.0,-102330.14,0.9711219327,1.015066504
1444239.67,0,-20436420.14,20197513.0,-238907.14,0.9798090883,1.008248656
1444239.67,0,-20436420.14,20132383.0,-304037.14,0.9758512107,1.004997403
1444239.67,0,-20436420.14,20438957.0,2536.86,0.9627077342,1.020301407
1444239.67,0,-20436420.14,20509210.0,72789.86,0.9572822178,1.023808398
1444239.67,0,-20436420.14,20219478.0,-216942.14,0.9475052119,1.009345137
1444239.67,0,-20436420.14,20275255.0,-161165.14,0.9330978254,1.012129494
1444239.67,0,-20436420.14,19895764.0,-540656.14,0.9396626409,0.9931855134
1444239.67,0,-20436420.14,19718128.0,-718292.14,0.9386420188,0.9843180227
1444239.67,0,-20436420.14,19681670.0,-754750.14,0.9395340741,0.9824980596
1444239.67,0,-20436420.14,19695386.0,-741034.14,0.9420342027,0.9831827547
1444239.67,0,-20436420.14,19711492.0,-724928.14,0.9353685118,0.9839867573
1444239.67,0,-20436420.14,19814514.0,-621906.14,0.9353645559,0.9891295584
1444239.67,0,-20436420.14,20002348.0,-434072.14,0.9392452935,0.9985061276
1444239.67,0,-20436420.14,20215397.0,-221023.14,0.9568787161,1.009141416
1444239.67,0,-20436420.14,20388561.0,-47859.14,0.9496038167,1.017785667
1444239.67,0,-20436420.14,20341983.0,-94437.14,0.9342272348,1.015460519
1444239.67,0,-20436420.14,19522049.0,-914371.14,0.9378607286,0.9745298677
1444239.67,0,-20436420.14,19663037.0,-773383.14,0.9371110856,0.9815679105
1444239.67,0,-20436420.14,19432832.0,-1003588.14,0.9306847267,0.9700762045
1444239.67,0,-20436420.14,18980337.0,-1456083.14,0.926926622,0.9474879049
1444239.67,0,-20436420.14,18471411.0,-1965009.14,0.9132570108,0.922082601
1444239.67,0,-20436420.14,17454830.0,-2981590.14,0.9168212764,0.8713354408
1444239.67,0,-20436420.14,17931702.0,-2504718.14,0.9182908931,0.8951406268
1444239.67,0,-20436420.14,17977307.0,-2459113.14,0.9221914102,0.8974172031
1444239.67,0,-20436420.14,18228832.0,-2207588.14,0.9178953032,0.9099731917
1444239.67,0,-20436420.14,18318327.0,-2118093.14,0.9234948791,0.9144407325
1444239.67,0,-20436420.14,18409974.0,-2026446.14,0.9108320444,0.9190157
1444239.67,0,-20436420.14,17638391.0,-2798029.14,0.9160024052,0.8804987042
1444239.67,0,-20436420.14,17056813.0,-3379607.14,0.917980355,0.8514666527
1444239.67,0,-20436420.14,17267087.0,-3169333.14,0.9135042546,0.8619634143
1444239.67,0,-20436420.14,16913910.0,-3522510.14,0.9030982606,0.8443330142
1444239.67,0,-20436420.14,16140799.0,-4295621.14,0.908165768,0.8057397415
1444239.67,0,-20436420.14,15508859.0,-4927561.14,0.9163089874,0.7741936469
1444239.67,0,-20436420.14,16255302.0,-4181118.14,0.9197268847,0.8114556678
1444239.67,0,-20436420.14,16440892.0,-3995528.14,0.9299687088,0.8207202177
1444239.67,0,-20436420.14,17087239.0,-3349181.14,0.9289302852,0.8529855018
1444239.67,0,-20436420.14,16919726.0,-3516694.14,0.9241396907,0.8446233457
1444239.67,0,-20436420.14,16275181.0,-4161239.14,0.9391009031,0.8124480164
1444239.67,0,-20436420.14,16334152.0,-4102268.14,0.9374018442,0.8153918161
1444239.67,0,-20436420.14,16596165.0,-3840255.14,0.9337248355,0.8284713599
1444239.67,0,-20436420.14,16462532.0,-3973888.14,0.9320079751,0.8218004745
1444239.67,0,-20436420.14,16625663.0,-3810757.14,0.9249526281,0.8299438837
1444239.67,0,-20436420.14,16306356.0,-4130064.14,0.912697251,0.8140042552
1444239.67,0,-20436420.14,15741332.0,-4695088.14,0.9116469597,0.7857985702
1444239.67,0,-20436420.14,15833360.0,-4603060.14,0.9110990676,0.790392557
1444239.67,0,-20436420.14,15749065.0,-4687355.14,0.9070581161,0.7861845973
1444239.67,0,-20436420.14,15334741.0,-5101679.14,0.9082547758,0.7655017728
1444239.67,0,-20436420.14,15352797.0,-5083623.14,0.907693038,0.7664031183
1444239.67,0,-20436420.14,15117847.0,-5318573.14,0.9072025065,0.7546745445
1444239.67,0,-20436420.14,15474908.0,-4961512.14,0.9064212163,0.7724988318
1444239.67,0,-20436420.14,15670109.0,-4766311.14,0.901782924,0.7822431575
1444239.67,0,-20436420.14,15611372.0,-4825048.14,0.8921878894,0.779311039
1444239.67,0,-20436420.14,15356389.0,-5080031.14,0.8919584472,0.766582429
1444239.67,0,-20436420.14,15304423.0,-5131997.14,0.8918595497,0.763988315
1444239.67,0,-20436420.14,14822883.0,-5613537.14,0.8752309256,0.7399501051
1444239.67,0,-20436420.14,14420462.0,-6015958.14,0.8750173071,0.7198614718
1444239.67,0,-20436420.14,14269822.0,-6166598.14,0.8735674698,0.7123416065
1444239.67,0,-20436420.14,14417041.0,-6019379.14,0.8836411683,0.7196906974
1444239.67,0,-20436420.14,14815700.0,-5620720.14,0.8918457041,0.7395915337
0.0,9468953.26,-10967466.88,5541767.0,-5425699.88,0.8921542643,0.2766419376
0.0,850583.33,-10116883.81,5541767.0,-4575116.81,0.8885069248,0.2766419376
9856893.5,0,-19973777.05,14244817.0,-5728960.05,0.8899943431,0.7110933707
9856893.5,0,-19973777.05,14157971.0,-5815806.05,0.8889104266,0.7067580665
9856893.5,0,-19973777.05,14132624.0,-5841153.05,0.8860107521,0.7054927583
9856893.5,0,-19973777.05,14119796.0,-5853981.05,0.8904235582,0.7048523917
9856893.5,0,-19973777.05,14234484.0,-5739293.05,0.9033019894,0.7105775531
9856893.5,0,-19973777.05,14581989.0,-5391788.05,0.9062016639,0.7279248101
9856893.5,0,-19973777.05,15089842.0,-4883935.05,0.9173988378,0.7532765504
9856893.5,0,-19973777.05,15242592.0,-4731185.05,0.9237183874,0.7609017458
9856893.5,0,-19973777.05,15490002.0,-4483775.05,0.9359005803,0.7732523159
9856893.5,0,-19973777.05,15643593.0,-4330184.05,0.936308038,0.7809194935
9856893.5,0,-19973777.05,15496029.0,-4477748.05,0.9291162125,0.7735531804
9856893.5,0,-19973777.05,15296878.0,-4676899.05,0.933273863,0.7636116728
9856893.5,0,-19973777.05,15708534.0,-4265243.05,0.9304018798,0.7841613122
9856893.5,0,-19973777.05,15766584.0,-4207193.05,0.9164118408,0.7870591361
9856893.5,0,-19973777.05,15605887.0,-4367890.05,0.9230043475,0.7790372309
9856893.5,0,-19973777.05,15861857.0,-4111920.05,0.9197506201,0.7918151114
9856893.5,0,-19973777.05,15957121.0,-4016656.05,0.906077053,0.7965706375
9856893.5,0,-19973777.05,15327161.0,-4646616.05,0.8766906526,0.7651233834
9856893.5,0,-19973777.05,14538495.0,-5435282.05,0.891495607,0.7257536137
9856893.5,0,-19973777.05,14926775.0,-5047002.05,0.8860878922,0.7451363362
9856893.5,0,-19973777.05,14846767.0,-5127010.05,0.9030745252,0.7411423811
9856893.5,0,-19973777.05,15356072.0,-4617705.05,0.9228540233,0.7665666045
9856893.5,0,-19973777.05,15963451.0,-4010326.05,0.9228540233,0.7968866276
9856893.5,0,-19973777.05,16167269.0,-3806508.05,0.9228540233,0.8070611092
9856893.5,0,-19973777.05,16293157.0,-3680620.05,0.9228540233,0.8133453684
9856893.5,0,-19973777.05,16589314.0,-3384463.05,0.9228540233,0.8281293617
9856893.5,0,-19973777.05,16704408.0,-3269369.05,0.9228540233,0.8338747904
9856893.5,0,-19973777.05,16855425.0,-3118352.05,0.9228540233,0.8414134754
9856893.5,0,-19973777.05,16909032.0,-3064745.05,0.9228540233,0.8440895071
9856893.5,0,-19973777.05,16475181.0,-3498596.05,0.9228540233,0.8224319056
9856893.5,0,-19973777.05,16827978.0,-3145799.05,0.9228540233,0.8400433363
9856893.5,0,-19973777.05,17130289.0,-2843488.05,0.9228540233,0.8551345339
9856893.5,0,-19973777.05,16946268.0,-3027509.05,0.9228540233,0.8459483076
9856893.5,0,-19973777.05,16874574.0,-3099203.05,0.9228540233,0.8423693828
9856893.5,0,-19973777.05,17176295.0,-2797482.05,0.9228540233,0.857431128
9856893.5,0,-19973777.05,16668901.0,-3304876.05,0.9228540233,0.8321023007
9856893.5,0,-19973777.05,16758670.0,-3215107.05,0.9228540233,0.8365835194
9856893.5,0,-19973777.05,16634845.0,-3338932.05,0.9228540233,0.830402244
9856893.5,0,-19973777.05,16619066.0,-3354711.05,0.9228540233,0.8296145651
9856893.5,0,-19973777.05,17285497.0,-2688280.05,0.9228540233,0.8628824313
9856893.5,0,-19973777.05,17558479.0,-2415298.05,0.9228540233,0.8765095415
9856893.5,0,-19973777.05,18040659.0,-1933118.05,0.9228540233,0.9005796998
9856893.5,0,-19973777.05,18134143.0,-1839634.05,0.9228540233,0.9052463693
9856893.5,0,-19973777.05,18606594.0,-1367183.05,0.9228540233,0.9288308614
9856893.5,0,-19973777.05,18601087.0,-1372690.05,0.9228540233,0.928555955
9856893.5,0,-19973777.05,18267668.0,-1706109.05,0.9228540233,0.9119118633
9856893.5,0,-19973777.05,18372689.0,-1601088.05,0.9228540233,0.9171544535
9856893.5,0,-19973777.05,18545296.0,-1428481.05,0.9228540233,0.9257708992
9856893.5,0,-19973777.05,17651635.0,-2322142.05,0.9228540233,0.8811598374
9856893.5,0,-19973777.05,17770364.0,-2203413.05,0.9228540233,0.8870867232
9856893.5,0,-19973777.05,17980072.0,-1993705.05,0.9228540233,0.8975552304
9856893.5,0,-19973777.05,19108398.0,-865379.05,0.9228540233,0.953880639
9856893.5,0,-19973777.05,19529829.0,-443948.05,0.9228540233,0.974918241
9856893.5,0,-19973777.05,19429170.0,-544607.05,0.9228540233,0.9698933995
9856893.5,0,-19973777.05,19353955.0,-619822.05,0.9228540233,0.9661387084
0.0,1126351.56,-18847425.89,19611766.0,764340.11,,
1133779.65,0,-19981205.54,19611766.0,-369439.54,,
,0,-19981205.54,19436799.0,-544406.54,,
,0,-19981205.54,19569757.0,-411448.54,,
,0,-19981205.54,19566898.0,-414307.54,,
,0,-19981205.54,20091866.0,110660.46,,
,0,-19981205.54,20173490.0,192284.46,,
,0,-19981205.54,20272556.0,291350.46,,
,0,-19981205.54,19893139.0,-88066.54,,
,0,-19981205.54,19839722.0,-141483.54,,
,0,-19981205.54,19904229.0,-76976.54,,
,0,-19981205.54,19786751.0,-194454.54,,
,0,-19981205.54,19787684.0,-193521.54,,
,0,-19981205.54,19387303.0,-593902.54,,
,0,-19981205.54,19652271.0,-328934.54,,
,0,-19981205.54,19814406.0,-166799.54,,
,0,-19981205.54,19953890.0,-27315.54,,
,0,-19981205.54,20122776.0,141570.46,,
,0,-19981205.54,20130809.0,149603.46,,
,0,-19981205.54,20395255.0,414049.46,,
,0,-19981205.54,20633991.0,652785.46,,
,0,-19981205.54,20427388.0,446182.46,,
,0,-19981205.54,20504924.0,523718.46,,
,0,-19981205.54,20542415.0,561209.46,,
,0,-19981205.54,20476258.0,495052.46,,
,0,-19981205.54,20246494.0,265288.46,,
,0,-19981205.54,19967186.0,-14019.54,,
,0,-19981205.54,20241329.0,260123.46,,
,0,-19981205.54,20160750.0,179544.46,,
,0,-19981205.54,19961641.0,-19564.54,,
,0,-19981205.54,20223669.0,242463.46,,
,0,-19981205.54,20433654.0,452448.46,,
,0,-19981205.54,20455380.0,474174.46,,
,0,-19981205.54,20463384.0,482178.46,,
,0,-19981205.54,20324163.0,342957.46,,
,0,-19981205.54,20366447.0,385241.46,,
,0,-19981205.54,20309855.0,328649.46,,
,0,-19981205.54,20371382.0,390176.46,,
,0,-19981205.54,20251370.0,270164.46,,
,0,-19981205.54,19813613.0,-167592.54,,
,0,-19981205.54,19551906.0,-429299.54,,
,0,-19981205.54,19774760.0,-206445.54,,
,0,-19981205.54,19856585.0,-124620.54,,
,0,-19981205.54,19766068.0,-215137.54,,
,0,-19981205.54,19394504.0,-586701.54,,
,0,-19981205.54,19610281.0,-370924.54,,
,0,-19981205.54,19518596.0,-462609.54,,
,0,-19981205.54,19404674.0,-576531.54,,
,0,-19981205.54,19347601.0,-633604.54,,
,0,-19981205.54,18850750.0,-1130455.54,,
,0,-19981205.54,18884799.0,-1096406.54,,
,0,-19981205.54,18860815.0,-1120390.54,,
,0,-19981205.54,19104137.0,-877068.54,,
,0,-19981205.54,19026643.0,-954562.54,,
,0,-19981205.54,19229459.0,-751746.54,,
,0,-19981205.54,19359846.0,-621359.54,,
,0,-19981205.54,19572176.0,-409029.54,,
,0,-19981205.54,19690378.0,-290827.54,,
,0,-19981205.54,19629493.0,-351712.54,,
,0,-19981205.54,19622788.0,-358417.54,,
,0,-19981205.54,19184403.0,-796802.54,,
,0,-19981205.54,18958818.0,-1022387.54,,
,0,-19981205.54,18825304.0,-1155901.54,,
,0,-19981205.54,19193926.0,-787279.54,,
0.0,7525912.14,-12455293.62,11672701.0,-782592.62,,
0.0,,-12455293.62,11838513.0,-616780.62,,
0.0,,-12455293.62,11658685.0,-796608.62,,
0.0,,-12455293.62,11757924.0,-697369.62,,
0.0,,-12455293.62,11736002.0,-719291.62,,
0.0,,-12455293.62,11810733.0,-644560.62,,
0.0,,-12455293.62,11841898.0,-613395.62,,
0.0,,-12455293.62,11731466.0,-723827.62,,
0.0,,-12455293.62,11805077.0,-650216.62,,
0.0,,-12455293.62,11868271.0,-587022.62,,
0.0,,-12455293.62,11435515.0,-1019778.62,,
0.0,,-12455293.62,11499158.0,-956135.62,,
0.0,,-12455293.62,11404126.0,-1051167.62,,
0.0,,-12455293.62,11338964.0,-1116329.62,,
0.0,,-12455293.62,11313693.0,-1141600.62,,
0.0,,-12455293.62,11270366.0,-1184927.62,,
0.0,,-12455293.62,11727205.0,-728088.62,,
0.0,,-12455293.62,11627904.0,-827389.62,,
0.0,,-12455293.62,11361680.0,-1093613.62,,
0.0,,-12455293.62,11364486.0,-1090807.62,,
0.0,,-12455293.62,11171145.0,-1284148.62,,
0.0,,-12455293.62,11283153.0,-1172140.62,,
0.0,,-12455293.62,11465574.0,-989719.62,,
0.0,,-12455293.62,11618447.0,-836846.62,,
0.0,,-12455293.62,11593493.0,-861800.62,,
0.0,,-12455293.62,11520637.0,-934656.62,,
0.0,,-12455293.62,11650784.0,-804509.62,,
0.0,,-12455293.62,11731440.0,-723853.62,,
0.0,,-12455293.62,11724060.0,-731233.62,,
0.0,,-12455293.62,11593745.0,-861548.62,,
0.0,,-12455293.62,11710619.0,-744674.62,,
0.0,,-12455293.62,11728971.0,-726322.62,,
0.0,,-12455293.62,11708930.0,-746363.62,,
0.0,,-12455293.62,11710691.0,-744602.62,,
0.0,,-12455293.62,11770576.0,-684717.62,,
0.0,,-12455293.62,11653719.0,-801574.62,,
0.0,,-12455293.62,11621497.0,-833796.62,,
0.0,,-12455293.62,11683466.0,-771827.62,,
0.0,,-12455293.62,11652043.0,-803250.62,,
0.0,,-12455293.62,11759431.0,-695862.62,,
0.0,,-12455293.62,11662069.0,-793224.62,,
0.0,,-12455293.62,11589303.0,-865990.62,,
0.0,,-12455293.62,11702296.0,-752997.62,,
0.0,,-12455293.62,11592777.0,-862516.62,,
0.0,,-12455293.62,11532138.0,-923155.62,,
0.0,,-12455293.62,11582008.0,-873285.62,,
0.0,,-12455293.62,11532297.0,-922996.62,,
0.0,,-12455293.62,11563716.0,-891577.62,,
0.0,,-12455293.62,11651938.0,-803355.62,,
0.0,,-12455293.62,11566362.0,-888931.62,,
0.0,,-12455293.62,11658036.0,-797257.62,,
0.0,,-12455293.62,11732465.0,-722828.62,,
0.0,,-12455293.62,11602352.0,-852941.62,,
0.0,,-12455293.62,11637840.0,-817453.62,,
0.0,,-12455293.62,11695862.0,-759431.62,,
0.0,,-12455293.62,11438222.0,-1017071.62,,
0.0,,-12455293.62,11315982.0,-1139311.62,,
0.0,,-12455293.62,11381219.0,-1074074.62,,
0.0,,-12455293.62,11658226.0,-797067.62,,
0.0,,-12455293.62,11706164.0,-749129.62,,
0.0,,-12455293.62,11691767.0,-763526.62,,
0.0,,-12455293.62,11850424.0,-604869.62,,
0.0,,-12455293.62,11838994.0,-616299.62,,
0.0,,-12455293.62,11678045.0,-777248.62,,
0.0,,-12455293.62,11512403.0,-942890.62,,
0.0,,-12455293.62,11440244.0,-1015049.62,,
0.0,,-12455293.62,11207016.0,-1248277.62,,
0.0,,-12455293.62,11295132.0,-1160161.62,,
0.0,,-12455293.62,11129499.0,-1325794.62,,
0.0,,-12455293.62,11266416.0,-1188877.62,,
0.0,,-12455293.62,11415590.0,-1039703.62,,
0.0,,-12455293.62,11398163.0,-1057130.62,,
0.0,,-12455293.62,11295290.0,-1160003.62,,
0.0,,-12455293.62,11192443.0,-1262850.62,,
0.0,,-12455293.62,11215984.0,-1239309.62,,
0.0,,-12455293.62,11352515.0,-1102778.62,,
0.0,,-12455293.62,11524414.0,-930879.62,,
0.0,,-12455293.62,11534693.0,-920600.62,,
0.0,,-12455293.62,11492963.0,-962330.62,,
0.0,,-12455293.62,11393994.0,-1061299.62,,
0.0,,-12455293.62,11333881.0,-1121412.62,,
0.0,,-12455293.62,11123978.0,-1331315.62,,
0.0,,-12455293.62,11348959.0,-1106334.62,,
0.0,,-12455293.62,11178117.0,-1277176.62,,
0.0,,-12455293.62,10682341.0,-1772952.62,,
0.0,,-12455293.62,10725785.0,-1729508.62,,
0.0,,-12455293.62,10654543.0,-1800750.62,,
0.0,,-12455293.62,10698108.0,-1757185.62,,
0.0,,-12455293.62,10468124.0,-1987169.62,,
0.0,,-12455293.62,10329034.0,-2126259.62,,
0.0,,-12455293.62,10275932.0,-2179361.62,,
0.0,,-12455293.62,10292810.0,-2162483.62,,
0.0,,-12455293.62,11019085.0,-1436208.62,,
0.0,,-12455293.62,10974930.0,-1480363.62,,
0.0,,-12455293.62,10839475.0,-1615818.62,,
0.0,,-12455293.62,10534938.0,-1920355.62,,
0.0,,-12455293.62,10406555.0,-2048738.62,,
0.0,,-12455293.62,10525385.0,-1929908.62,,
0.0,,-12455293.62,10212921.0,-2242372.62,,
0.0,,-12455293.62,10358405.0,-2096888.62,,
0.0,,-12455293.62,10656476.0,-1798817.62,,
0.0,,-12455293.62,10686617.0,-1768676.62,,
0.0,,-12455293.62,10679584.0,-1775709.62,,
0.0,,-12455293.62,10274612.0,-2180681.62,,
0.0,,-12455293.62,10421090.0,-2034203.62,,
0.0,,-12455293.62,10766655.0,-1688638.62,,
0.0,,-12455293.62,10941507.0,-1513786.62,,
0.0,,-12455293.62,10773247.0,-1682046.62,,
0.0,,-12455293.62,10868485.0,-1586808.62,,
0.0,,-12455293.62,11095440.0,-1359853.62,,
0.0,,-12455293.62,11220652.0,-1234641.62,,
0.0,,-12455293.62,11139162.0,-1316131.62,,
0.0,,-12455293.62,11106393.0,-1348900.62,,
0.0,,-12455293.62,10891550.0,-1563743.62,,
0.0,,-12455293.62,10824233.0,-1631060.62,,
0.0,,-12455293.62,10881056.0,-1574237.62,,
0.0,,-12455293.62,11135854.0,-1319439.62,,
0.0,,-12455293.62,10891077.0,-1564216.62,,
0.0,,-12455293.62,10928965.0,-1526328.62,,
0.0,,-12455293.62,10872559.0,-1582734.62,,
0.0,,-12455293.62,10842671.0,-1612622.62,,
0.0,,-12455293.62,10925546.0,-1529747.62,,
0.0,,-12455293.62,10954811.0,-1500482.62,,
0.0,,-12455293.62,10833968.0,-1621325.62,,
0.0,,-12455293.62,10642309.0,-1812984.62,,
0.0,,-12455293.62,10428411.0,-2026882.62,,
0.0,,-12455293.62,10679988.0,-1775305.62,,
0.0,,-12455293.62,10741268.0,-1714025.62,,
514024.15,0,-12969318.06,10961066.0,-2008252.06,,
514024.15,0,-12969318.06,11175571.0,-1793747.06,,
514024.15,0,-12969318.06,10993804.0,-1975514.06,,
514024.15,0,-12969318.06,10946434.0,-2022884.06,,
514024.15,0,-12969318.06,10518957.0,-2450361.06,,
514024.15,0,-12969318.06,10613101.0,-2356217.06,,
514024.15,0,-12969318.06,10861106.0,-2108212.06,,
514024.15,0,-12969318.06,10942233.0,-2027085.06,,
514024.15,0,-12969318.06,10621433.0,-2347885.06,,
514024.15,0,-12969318.06,10719437.0,-2249881.06,,
514024.15,0,-12969318.06,10235060.0,-2734258.06,,
514024.15,0,-12969318.06,10512843.0,-2456475.06,,
514024.15,0,-12969318.06,10799366.0,-2169952.06,,
514024.15,0,-12969318.06,10603620.0,-2365698.06,,
514024.15,0,-12969318.06,10297025.0,-2672293.06,1.226127061,
514024.15,0,-12969318.06,10297025.0,-2672293.06,,
514024.15,0,-12969318.06,10607132.0,-2362186.06,,
514024.15,0,-12969318.06,10775700.0,-2193618.06,,
514024.15,0,-12969318.06,10727617.0,-2241701.06,,
514024.15,0,-12969318.06,11211599.0,-1757719.06,,
514024.15,0,-12969318.06,11250881.0,-1718437.06,,
514024.15,0,-12969318.06,11436859.0,-1532459.06,,
514024.15,0,-12969318.06,11382153.0,-1587165.06,,
514024.15,0,-12969318.06,11651417.0,-1317901.06,,
514024.15,0,-12969318.06,11848232.0,-1121086.06,,
514024.15,0,-12969318.06,11989121.0,-980197.06,,
514024.15,0,-12969318.06,11949280.0,-1020038.06,,
514024.15,0,-12969318.06,12037203.0,-932115.06,,
514024.15,0,-12969318.06,12174150.0,-795168.06,,
514024.15,0,-12969318.06,12155616.0,-813702.06,,
514024.15,0,-12969318.06,12060146.0,-909172.06,,
514024.15,0,-12969318.06,12158371.0,-810947.06,,
514024.15,0,-12969318.06,12244806.0,-724512.06,,
514024.15,0,-12969318.06,12372554.0,-596764.06,,
514024.15,0,-12969318.06,12186393.0,-782925.06,,
514024.15,0,-12969318.06,12175089.0,-794229.06,,
514024.15,0,-12969318.06,12298442.0,-670876.06,,
514024.15,0,-12969318.06,12472513.0,-496805.06,,
514024.15,0,-12969318.06,12690682.0,-278636.06,,
514024.15,0,-12969318.06,12625461.0,-343857.06,,
514024.15,0,-12969318.06,12412798.0,-556520.06,,
514024.15,0,-12969318.06,12038107.0,-931211.06,,
514024.15,0,-12969318.06,12163547.0,-805771.06,,
514024.15,0,-12969318.06,12252845.0,-716473.06,,
514024.15,0,-12969318.06,12234408.0,-734910.06,,
514024.15,0,-12969318.06,11962042.0,-1007276.06,,
514024.15,0,-12969318.06,11948807.0,-1020511.06,,
514024.15,0,-12969318.06,12087240.0,-882078.06,,
514024.15,0,-12969318.06,12174903.0,-794415.06,,
514024.15,0,-12969318.06,12180934.0,-788384.06,,
514024.15,0,-12969318.06,12318146.0,-651172.06,,
514024.15,0,-12969318.06,12397099.0,-572219.06,,
514024.15,0,-12969318.06,12551803.0,-417515.06,,
514024.15,0,-12969318.06,12511977.0,-457341.06,,
514024.15,0,-12969318.06,12303229.0,-666089.06,,
514024.15,0,-12969318.06,12342184.0,-627134.06,,
0.0,204651.16,-12764666.9,12223007.0,-541659.9,,
0.0,204651.16,-12764666.9,12313727.0,-450939.9,,
0.0,204651.16,-12764666.9,12257299.0,-507367.9,,
0.0,204651.16,-12764666.9,11868776.0,-895890.9,,
0.0,204651.16,-12764666.9,12062840.0,-701826.9,,
0.0,204651.16,-12764666.9,11817939.0,-946727.9,,
0.0,204651.16,-12764666.9,11672729.0,-1091937.9,,
0.0,204651.16,-12764666.9,12036311.0,-728355.9,,
0.0,204651.16,-12764666.9,12281109.0,-483557.9,,
0.0,204651.16,-12764666.9,12249261.0,-515405.9,,
0.0,204651.16,-12764666.9,12335795.0,-428871.9,,
0.0,204651.16,-12764666.9,12424534.0,-340132.9,,
0.0,204651.16,-12764666.9,12556245.0,-208421.9,,
0.0,204651.16,-12764666.9,12747984.0,-16682.9,,
0.0,204651.16,-12764666.9,12662327.0,-102339.9,,
0.0,204651.16,-12764666.9,12623108.0,-141558.9,,
0.0,204651.16,-12764666.9,12556219.0,-208447.9,,
0.0,204651.16,-12764666.9,12659680.0,-104986.9,,
0.0,204651.16,-12764666.9,12677297.0,-87369.9,,
0.0,204651.16,-12764666.9,12675486.0,-89180.9,,
0.0,204651.16,-12764666.9,12717835.0,-46831.9,,
0.0,204651.16,-12764666.9,12609004.0,-155662.9,,
0.0,204651.16,-12764666.9,12653060.0,-111606.9,,
0.0,204651.16,-12764666.9,12506811.0,-257855.9,,
0.0,204651.16,-12764666.9,12440505.0,-324161.9,,
0.0,204651.16,-12764666.9,12656952.0,-107714.9,,
0.0,204651.16,-12764666.9,12754299.0,-10367.9,,
0.0,204651.16,-12764666.9,12686145.0,-78521.9,,
0.0,204651.16,-12764666.9,12626376.0,-138290.9,,
0.0,204651.16,-12764666.9,12831818.0,67151.1,,
0.0,204651.16,-12764666.9,12766759.0,2092.1,,
0.0,204651.16,-12764666.9,12545297.0,-219369.9,,
0.0,204651.16,-12764666.9,12622276.0,-142390.9,,
0.0,204651.16,-12764666.9,12744950.0,-19716.9,,
0.0,204651.16,-12764666.9,12634547.0,-130119.9,,
0.0,204651.16,-12764666.9,12438779.0,-325887.9,,
0.0,204651.16,-12764666.9,12282772.0,-481894.9,,
0.0,204651.16,-12764666.9,12451390.0,-313276.9,,
0.0,204651.16,-12764666.9,12287030.0,-477636.9,,
0.0,204651.16,-12764666.9,12424696.0,-339970.9,,
0.0,204651.16,-12764666.9,12347546.0,-417120.9,,
0.0,204651.16,-12764666.9,12567157.0,-197509.9,,
0.0,204651.16,-12764666.9,12738029.0,-26637.9,,
0.0,204651.16,-12764666.9,12965856.0,201189.1,,
0.0,204651.16,-12764666.9,13112870.0,348203.1,,
0.0,204651.16,-12764666.9,13042072.0,277405.1,,
0.0,204651.16,-12764666.9,13060611.0,295944.1,,
0.0,204651.16,-12764666.9,13183221.0,418554.1,,
0.0,204651.16,-12764666.9,13286299.0,521632.1,,
0.0,204651.16,-12764666.9,13436217.0,671550.1,,
0.0,204651.16,-12764666.9,13292374.0,527707.1,,
0.0,204651.16,-12764666.9,13184856.0,420189.1,,
0.0,204651.16,-12764666.9,13156431.0,391764.1,,
0.0,204651.16,-12764666.9,13298994.0,534327.1,,
0.0,204651.16,-12764666.9,13074338.0,309671.1,,
0.0,204651.16,-12764666.9,13132867.0,368200.1,,
0.0,204651.16,-12764666.9,13170627.0,405960.1,,
0.0,204651.16,-12764666.9,13178376.0,413709.1,,
0.0,204651.16,-12764666.9,13167673.0,403006.1,,
0.0,204651.16,-12764666.9,13264053.0,499386.1,,
0.0,204651.16,-12764666.9,13332813.0,568146.1,,
0.0,204651.16,-12764666.9,13399893.0,635226.1,,
0.0,204651.16,-12764666.9,13344653.0,579986.1,,
0.0,204651.16,-12764666.9,13214995.0,450328.1,,
0.0,204651.16,-12764666.9,13131664.0,366997.1,,
37173.6,0,-12801840.5,13387637.0,585796.5,,
131007.46,0,-12932847.96,13387637.0,454789.04,,
131007.46,0,-12932847.96,13367592.0,434744.04,,
131007.46,0,-12932847.96,13463103.0,530255.04,,
