date,narration,bill_no,value_date,debit,credit,premimum,net
2025-01-03,Option Premium Bill (NFO) 02-01-2025,OPTDLY/HPC39_8-0201,2025-01-02,1211624.65,0.0,1214280.0,2655.35
2025-01-06,Option Premium Bill (NFO) 02-01-2025,OPTDLY/HPC39_8-0201,2025-01-03,1211624.65,0.0,1275345.0,63720.35
2025-01-07,Option Premium Bill (NFO) 02-01-2025,OPTDLY/HPC39_8-0201,2025-01-06,1211624.65,0.0,1476090.0,264465.35
2025-01-08,Option Premium Bill (NFO) 02-01-2025,OPTDLY/HPC39_8-0201,2025-01-07,1211624.65,0.0,1476900.0,265275.35
2025-01-09,Option Premium Bill (NFO) 02-01-2025,OPTDLY/HPC39_8-0201,2025-01-08,1211624.65,0.0,1451655.0,240030.35
2025-01-10,Option Premium Bill (NFO) 02-01-2025,OPTDLY/HPC39_8-0201,2025-01-09,1211624.65,0.0,1515600.0,303975.35
2025-01-13,Option Premium Bill (NFO) 02-01-2025,OPTDLY/HPC39_8-0201,2025-01-10,1211624.65,0.0,1581390.0,369765.35
2025-01-14,Option Premium Bill (NFO) 02-01-2025,OPTDLY/HPC39_8-0201,2025-01-13,1211624.65,0.0,1736235.0,524610.35
2025-01-15,Option Premium Bill (NFO) 02-01-2025,OPTDLY/HPC39_8-0201,2025-01-14,1211624.65,0.0,1764270.0,552645.35
2025-01-16,Option Premium Bill (NFO) 02-01-2025,OPTDLY/HPC39_8-0201,2025-01-15,1211624.65,0.0,1704105.0,492480.35
2025-01-17,Option Premium Bill (NFO) 02-01-2025,OPTDLY/HPC39_8-0201,2025-01-16,1211624.65,0.0,1628190.0,416565.35
2025-01-20,Option Premium Bill (NFO) 02-01-2025,OPTDLY/HPC39_8-0201,2025-01-17,1211624.65,0.0,1680795.0,469170.35
2025-01-21,Option Premium Bill (NFO) 02-01-2025,OPTDLY/HPC39_8-0201,2025-01-20,1211624.65,0.0,1633455.0,421830.35
2025-01-22,Option Premium Bill (NFO) 02-01-2025,OPTDLY/HPC39_8-0201,2025-01-21,1211624.65,0.0,1797345.0,585720.35
2025-01-23,Option Premium Bill (NFO) 02-01-2025,OPTDLY/HPC39_8-0201,2025-01-22,1211624.65,0.0,1765800.0,554175.35
2025-01-24,Option Premium Bill (NFO) 02-01-2025,OPTDLY/HPC39_8-0201,2025-01-23,1211624.65,0.0,1719000.0,507375.35
2025-01-27,Option Premium Bill (NFO) 02-01-2025,OPTDLY/HPC39_8-0201,2025-01-24,1211624.65,0.0,1794330.0,582705.35
2025-01-28,Option Premium Bill (NFO) 02-01-2025,OPTDLY/HPC39_8-0201,2025-01-27,1211624.65,0.0,1966770.0,755145.35
2025-01-29,Option Premium Bill (NFO) 02-01-2025,OPTDLY/HPC39_8-0201,2025-01-28,1211624.65,0.0,1884870.0,673245.35
2025-01-30,Option Premium Bill (NFO) 02-01-2025,OPTDLY/HPC39_8-0201,2025-01-29,1211624.65,0.0,1763865.0,552240.35
2025-01-31,Option Premium Bill (NFO) 02-01-2025,OPTDLY/HPC39_8-0201,2025-01-30,1211624.65,0.0,1658925.0,447300.35
2025-02-01,Option Premium Bill (NFO) 02-01-2025,OPTDLY/HPC39_8-0201,2025-01-31,1211624.65,0.0,1539450.0,327825.35
2025-02-03,Option Premium Bill (NFO) 02-01-2025,OPTDLY/HPC39_8-0201,2025-02-01,1211624.65,0.0,1548495.0,336870.35
2025-02-04,Option Premium Bill (NFO) 02-01-2025,OPTDLY/HPC39_8-0201,2025-02-03,1211624.65,0.0,1610370.0,398745.35
2025-02-05,Option Premium Bill (NFO) 02-01-2025,OPTDLY/HPC39_8-0201,2025-02-04,1211624.65,0.0,1451610.0,239985.35
2025-02-06,Option Premium Bill (NFO) 02-01-2025,OPTDLY/HPC39_8-0201,2025-02-05,1211624.65,0.0,1442700.0,231075.35
2025-02-07,Option Premium Bill (NFO) 02-01-2025,OPTDLY/HPC39_8-0201,2025-02-06,1211624.65,0.0,1498545.0,286920.35
2025-02-10,Option Premium Bill (NFO) 02-01-2025,OPTDLY/HPC39_8-0201,2025-02-07,1211624.65,0.0,1598445.0,386820.35
2025-02-11,Option Premium Bill (NFO) 02-01-2025,OPTDLY/HPC39_8-0201,2025-02-10,1211624.65,0.0,1642050.0,430425.35
2025-02-11,Option Premium Bill (NFO) 02-01-2025,OPTDLY/HPC39_8-0201,2025-02-11,1211624.65,0.0,1816560.0,604935.35
2025-02-13,Option Premium Bill (NFO) 02-01-2025,OPTDLY/HPC39_8-0201,2025-02-12,1211624.65,0.0,1814850.0,603225.35
2025-02-14,Option Premium Bill (NFO) 02-01-2025,OPTDLY/HPC39_8-0201,2025-02-13,1211624.65,0.0,1805535.0,593910.35
2025-02-17,Option Premium Bill (NFO) 02-01-2025,OPTDLY/HPC39_8-0201,2025-02-14,1211624.65,0.0,1850175.0,638550.35
2025-02-18,Option Premium Bill (NFO) 02-01-2025,OPTDLY/HPC39_8-0201,2025-02-17,1211624.65,0.0,1829565.0,617940.35
2025-02-19,Option Premium Bill (NFO) 02-01-2025,OPTDLY/HPC39_8-0201,2025-02-18,1211624.65,0.0,1885410.0,673785.35
2025-02-20,Option Premium Bill (NFO) 02-01-2025,OPTDLY/HPC39_8-0201,2025-02-19,1211624.65,0.0,1854585.0,642960.35
2025-02-21,Option Premium Bill (NFO) 02-01-2025,OPTDLY/HPC39_8-0201,2025-02-20,1211624.65,0.0,1867320.0,655695.35
2025-02-24,Option Premium Bill (NFO) 02-01-2025,OPTDLY/HPC39_8-0201,2025-02-21,1211624.65,0.0,1946070.0,734445.35
2025-02-25,Option Premium Bill (NFO) 02-01-2025,OPTDLY/HPC39_8-0201,2025-02-24,1211624.65,0.0,2070450.0,858825.35
2025-02-27,Option Premium Bill (NFO) 02-01-2025,OPTDLY/HPC39_8-0201,2025-02-25,1211624.65,0.0,2080980.0,869355.35
2025-02-28,Option Premium Bill (NFO) 02-01-2025,OPTDLY/HPC39_8-0201,2025-02-27,1211624.65,0.0,2082825.0,871200.35
2025-03-03,Option Premium Bill (NFO) 02-01-2025,OPTDLY/HPC39_8-0201,2025-02-28,1211624.65,0.0,2360070.0,1148445.35
2025-03-04,Option Premium Bill (NFO) 02-01-2025,OPTDLY/HPC39_8-0201,2025-03-03,1211624.65,0.0,2337255.0,1125630.35
2025-03-05,Option Premium Bill (NFO) 02-01-2025,OPTDLY/HPC39_8-0201,2025-03-04,1211624.65,0.0,2381895.0,1170270.35
2025-03-06,Option Premium Bill (NFO) 02-01-2025,OPTDLY/HPC39_8-0201,2025-03-05,1211624.65,0.0,2204730.0,993105.35
2025-03-07,Option Premium Bill (NFO) 02-01-2025,OPTDLY/HPC39_8-0201,2025-03-06,1211624.65,0.0,2103615.0,891990.35
2025-03-10,Option Premium Bill (NFO) 02-01-2025,OPTDLY/HPC39_8-0201,2025-03-07,1211624.65,0.0,2075850.0,864225.35
2025-03-11,Option Premium Bill (NFO) 02-01-2025,OPTDLY/HPC39_8-0201,2025-03-10,1211624.65,0.0,2152980.0,941355.35
2025-03-12,Option Premium Bill (NFO) 02-01-2025,OPTDLY/HPC39_8-0201,2025-03-11,1211624.65,0.0,2129130.0,917505.35
2025-03-13,Option Premium Bill (NFO) 02-01-2025,OPTDLY/HPC39_8-0201,2025-03-12,1211624.65,0.0,2162520.0,950895.35
2025-03-17,Option Premium Bill (NFO) 02-01-2025,OPTDLY/HPC39_8-0201,2025-03-13,1211624.65,0.0,2207880.0,996255.35
2025-03-18,Option Premium Bill (NFO) 02-01-2025,OPTDLY/HPC39_8-0201,2025-03-17,1211624.65,0.0,2104650.0,893025.35
2025-03-19,Option Premium Bill (NFO) 02-01-2025,OPTDLY/HPC39_8-0201,2025-03-18,1211624.65,0.0,1902600.0,690975.35
2025-03-20,Option Premium Bill (NFO) 02-01-2025,OPTDLY/HPC39_8-0201,2025-03-19,1211624.65,0.0,1850085.0,638460.35
2025-03-21,Option Premium Bill (NFO) 02-01-2025,OPTDLY/HPC39_8-0201,2025-03-20,1211624.65,0.0,1700190.0,488565.35
2025-03-24,Option Premium Bill (NFO) 02-01-2025,OPTDLY/HPC39_8-0201,2025-03-21,1211624.65,0.0,1556595.0,344970.35
2025-03-25,Option Premium Bill (NFO) 02-01-2025,OPTDLY/HPC39_8-0201,2025-03-24,1211624.65,0.0,1395765.0,184140.35
2025-03-26,Option Premium Bill (NFO) 02-01-2025,OPTDLY/HPC39_8-0201,2025-03-25,1211624.65,0.0,1408770.0,197145.35
2025-03-27,Option Premium Bill (NFO) 02-01-2025,OPTDLY/HPC39_8-0201,2025-03-26,1211624.65,0.0,1499535.0,287910.35
2025-03-28,Option Premium Bill (NFO) 02-01-2025,OPTDLY/HPC39_8-0201,2025-03-27,1211624.65,0.0,1454715.0,243090.35
2025-04-01,Option Premium Bill (NFO) 02-01-2025,OPTDLY/HPC39_8-0201,2025-03-28,1211624.65,0.0,1565865.0,354240.35
2025-04-02,Option Premium Bill (NFO) 02-01-2025,OPTDLY/HPC39_8-0201,2025-04-01,1211624.65,0.0,1739655.0,528030.35
2025-04-03,Option Premium Bill (NFO) 02-01-2025,OPTDLY/HPC39_8-0201,2025-04-02,1211624.65,0.0,1684710.0,473085.35
2025-04-04,Option Premium Bill (NFO) 02-01-2025,OPTDLY/HPC39_8-0201,2025-04-03,1211624.65,0.0,1738215.0,526590.35
2025-04-07,Option Premium Bill (NFO) 02-01-2025,OPTDLY/HPC39_8-0201,2025-04-04,1211624.65,0.0,2002185.0,790560.35
2025-04-08,Option Premium Bill (NFO) 02-01-2025,OPTDLY/HPC39_8-0201,2025-04-07,1211624.65,0.0,2543445.0,1331820.35
2025-04-09,Option Premium Bill (NFO) 02-01-2025,OPTDLY/HPC39_8-0201,2025-04-08,1211624.65,0.0,2264130.0,1052505.35
2025-04-11,Option Premium Bill (NFO) 02-01-2025,OPTDLY/HPC39_8-0201,2025-04-09,1211624.65,0.0,2412810.0,1201185.35
2025-04-15,Option Premium Bill (NFO) 02-01-2025,OPTDLY/HPC39_8-0201,2025-04-11,1211624.65,0.0,2119185.0,907560.35
2025-04-16,Option Premium Bill (NFO) 02-01-2025,OPTDLY/HPC39_8-0201,2025-04-15,1211624.65,0.0,1775115.0,563490.35
2025-04-17,Option Premium Bill (NFO) 02-01-2025,OPTDLY/HPC39_8-0201,2025-04-16,1211624.65,0.0,1726335.0,514710.35
2025-04-21,Option Premium Bill (NFO) 02-01-2025,OPTDLY/HPC39_8-0201,2025-04-17,1211624.65,0.0,1512450.0,300825.35
2025-04-22,Option Premium Bill (NFO) 02-01-2025,OPTDLY/HPC39_8-0201,2025-04-21,1211624.65,0.0,1359540.0,147915.35
2025-04-23,Option Premium Bill (NFO) 02-01-2025,OPTDLY/HPC39_8-0201,2025-04-22,1211624.65,0.0,1341360.0,129735.35
2025-04-24,Option Premium Bill (NFO) 02-01-2025,OPTDLY/HPC39_8-0201,2025-04-23,1211624.65,0.0,1250055.0,38430.35
2025-04-25,Option Premium Bill (NFO) 02-01-2025,OPTDLY/HPC39_8-0201,2025-04-24,1211624.65,0.0,1276110.0,64485.35
2025-04-28,Option Premium Bill (NFO) 02-01-2025,OPTDLY/HPC39_8-0201,2025-04-25,1211624.65,0.0,1407645.0,196020.35
2025-04-29,Option Premium Bill (NFO) 02-01-2025,OPTDLY/HPC39_8-0201,2025-04-28,1211624.65,0.0,1242360.0,30735.35
2025-04-30,Option Premium Bill (NFO) 02-01-2025,OPTDLY/HPC39_8-0201,2025-04-29,1211624.65,0.0,1224135.0,12510.35
2025-05-02,Option Premium Bill (NFO) 02-01-2025,OPTDLY/HPC39_8-0201,2025-04-30,1211624.65,0.0,1253205.0,41580.35
2025-05-05,Option Premium Bill (NFO) 02-01-2025,OPTDLY/HPC39_8-0201,2025-05-02,1211624.65,0.0,1256355.0,44730.35
2025-05-06,Option Premium Bill (NFO) 02-01-2025,OPTDLY/HPC39_8-0201,2025-05-05,1211624.65,0.0,1183005.0,-28619.65
2025-05-07,Option Premium Bill (NFO) 02-01-2025,OPTDLY/HPC39_8-0201,2025-05-06,1211624.65,0.0,1268370.0,56745.35
2025-05-08,Option Premium Bill (NFO) 02-01-2025,OPTDLY/HPC39_8-0201,2025-05-07,1211624.65,0.0,1228320.0,16695.35
2025-05-09,Option Premium Bill (NFO) 02-01-2025,OPTDLY/HPC39_8-0201,2025-05-08,1211624.65,0.0,1353150.0,141525.35
2025-05-12,Option Premium Bill (NFO) 02-01-2025,OPTDLY/HPC39_8-0201,2025-05-09,1211624.65,0.0,1435500.0,223875.35
2025-05-13,Option Premium Bill (NFO) 02-01-2025,OPTDLY/HPC39_8-0201,2025-05-12,1211624.65,0.0,964215.0,-247409.65
2025-05-14,Option Premium Bill (NFO) 02-01-2025,OPTDLY/HPC39_8-0201,2025-05-13,1211624.65,0.0,1110105.0,-101519.65
2025-05-15,Option Premium Bill (NFO) 02-01-2025,OPTDLY/HPC39_8-0201,2025-05-14,1211624.65,0.0,1067940.0,-143684.65
2025-05-16,Option Premium Bill (NFO) 02-01-2025,OPTDLY/HPC39_8-0201,2025-05-15,1211624.65,0.0,914355.0,-297269.65
2025-05-19,Option Premium Bill (NFO) 02-01-2025,OPTDLY/HPC39_8-0201,2025-05-16,1211624.65,0.0,906615.0,-305009.65
2025-05-20,Option Premium Bill (NFO) 02-01-2025,OPTDLY/HPC39_8-0201,2025-05-19,1211624.65,0.0,962100.0,-249524.65
2025-05-21,Option Premium Bill (NFO) 02-01-2025,OPTDLY/HPC39_8-0201,2025-05-20,1211624.65,0.0,1043775.0,-167849.65
2025-05-22,Option Premium Bill (NFO) 02-01-2025,OPTDLY/HPC39_8-0201,2025-05-21,1211624.65,0.0,1035585.0,-176039.65
2025-05-23,Option Premium Bill (NFO) 02-01-2025,OPTDLY/HPC39_8-0201,2025-05-22,1211624.65,0.0,1102995.0,-108629.65
2025-05-26,Option Premium Bill (NFO) 02-01-2025,OPTDLY/HPC39_8-0201,2025-05-23,1211624.65,0.0,1023660.0,-187964.65
2025-05-27,Option Premium Bill (NFO) 02-01-2025,OPTDLY/HPC39_8-0201,2025-05-26,1211624.65,0.0,976680.0,-234944.65
2025-05-28,Option Premium Bill (NFO) 02-01-2025,OPTDLY/HPC39_8-0201,2025-05-27,1211624.65,0.0,1041075.0,-170549.65
2025-05-29,Option Premium Bill (NFO) 02-01-2025,OPTDLY/HPC39_8-0201,2025-05-28,1211624.65,0.0,1068660.0,-142964.65
2025-05-30,Option Premium Bill (NFO) 02-01-2025,OPTDLY/HPC39_8-0201,2025-05-29,1211624.65,0.0,1027485.0,-184139.65
2025-06-02,Option Premium Bill (NFO) 02-01-2025,OPTDLY/HPC39_8-0201,2025-05-30,1211624.65,0.0,1065105.0,-146519.65
2025-06-03,Option Premium Bill (NFO) 02-01-2025,OPTDLY/HPC39_8-0201,2025-06-02,1211624.65,0.0,1104795.0,-106829.65
2025-06-06,Option Premium Bill (NFO) 02-01-2025,OPTDLY/HPC39_8-0201,2025-06-03,1211624.65,0.0,1151235.0,-60389.65
2025-06-05,Option Premium Bill (NFO) 02-01-2025,OPTDLY/HPC39_8-0201,2025-06-04,1211624.65,0.0,1126170.0,-85454.65
2025-06-06,Option Premium Bill (NFO) 02-01-2025,OPTDLY/HPC39_8-0201,2025-06-05,1211624.65,0.0,1056870.0,-154754.65
2025-06-09,Option Premium Bill (NFO) 02-01-2025,OPTDLY/HPC39_8-0201,2025-06-06,1211624.65,0.0,952470.0,-259154.65
2025-06-10,Option Premium Bill (NFO) 02-01-2025,OPTDLY/HPC39_8-0201,2025-06-09,1211624.65,0.0,910215.0,-301409.65
2025-06-11,Option Premium Bill (NFO) 02-01-2025,OPTDLY/HPC39_8-0201,2025-06-10,1211624.65,0.0,915345.0,-296279.65
2025-06-12,Option Premium Bill (NFO) 02-01-2025,OPTDLY/HPC39_8-0201,2025-06-11,1211624.65,0.0,887985.0,-323639.65
2025-06-13,Option Premium Bill (NFO) 02-01-2025,OPTDLY/HPC39_8-0201,2025-06-12,1211624.65,0.0,1013220.0,-198404.65
2025-06-16,Option Premium Bill (NFO) 02-01-2025,OPTDLY/HPC39_8-0201,2025-06-13,1211624.65,0.0,1111140.0,-100484.65
2025-06-17,Option Premium Bill (NFO) 02-01-2025,OPTDLY/HPC39_8-0201,2025-06-16,1211624.65,0.0,982350.0,-229274.65
2025-06-18,Option Premium Bill (NFO) 02-01-2025,OPTDLY/HPC39_8-0201,2025-06-17,1211624.65,0.0,1037565.0,-174059.65
2025-06-19,Option Premium Bill (NFO) 02-01-2025,OPTDLY/HPC39_8-0201,2025-06-18,1211624.65,0.0,1057995.0,-153629.65
2025-06-20,Option Premium Bill (NFO) 02-01-2025,OPTDLY/HPC39_8-0201,2025-06-19,1211624.65,0.0,1062135.0,-149489.65
2025-06-23,Option Premium Bill (NFO) 02-01-2025,OPTDLY/HPC39_8-0201,2025-06-20,1211624.65,0.0,927675.0,-283949.65
2025-06-24,Option Premium Bill (NFO) 02-01-2025,OPTDLY/HPC39_8-0201,2025-06-23,1211624.65,0.0,964980.0,-246644.65
2025-06-25,Option Premium Bill (NFO) 02-01-2025,OPTDLY/HPC39_8-0201,2025-06-24,1211624.65,0.0,907245.0,-304379.65
2025-06-26,Option Premium Bill (NFO) 02-01-2025,OPTDLY/HPC39_8-0201,2025-06-25,1211624.65,0.0,836100.0,-375524.65
2025-06-27,Option Premium Bill (NFO) 02-01-2025,OPTDLY/HPC39_8-0201,2025-06-26,1211624.65,0.0,721530.0,-490094.65
2025-06-30,Option Premium Bill (NFO) 02-01-2025,OPTDLY/HPC39_8-0201,2025-06-27,1211624.65,0.0,662400.0,-549224.65
2025-07-01,Option Premium Bill (NFO) 02-01-2025,OPTDLY/HPC39_8-0201,2025-06-30,1211624.65,0.0,708345.0,-503279.65
2025-07-02,Option Premium Bill (NFO) 02-01-2025,OPTDLY/HPC39_8-0201,2025-07-01,1211624.65,0.0,688050.0,-523574.65
2025-07-03,Option Premium Bill (NFO) 02-01-2025,OPTDLY/HPC39_8-0201,2025-07-02,1211624.65,0.0,715725.0,-495899.65
2025-07-04,Option Premium Bill (NFO) 02-01-2025,OPTDLY/HPC39_8-0201,2025-07-03,1211624.65,0.0,729360.0,-482264.65
2025-07-07,Option Premium Bill (NFO) 02-01-2025,OPTDLY/HPC39_8-0201,2025-07-04,1211624.65,0.0,706545.0,-505079.65
2025-07-08,Option Premium Bill (NFO) 02-01-2025,OPTDLY/HPC39_8-0201,2025-07-07,1211624.65,0.0,703530.0,-508094.65
2025-07-09,Option Premium Bill (NFO) 02-01-2025,OPTDLY/HPC39_8-0201,2025-07-08,1211624.65,0.0,666720.0,-544904.65
2025-07-10,Option Premium Bill (NFO) 02-01-2025,OPTDLY/HPC39_8-0201,2025-07-09,1211624.65,0.0,674685.0,-536939.65
2025-07-11,Option Premium Bill (NFO) 02-01-2025,OPTDLY/HPC39_8-0201,2025-07-10,1211624.65,0.0,708120.0,-503504.65
2025-07-14,Option Premium Bill (NFO) 02-01-2025,OPTDLY/HPC39_8-0201,2025-07-11,1211624.65,0.0,786240.0,-425384.65
2025-07-15,Option Premium Bill (NFO) 02-01-2025,OPTDLY/HPC39_8-0201,2025-07-14,1211624.65,0.0,795555.0,-416069.65
2025-07-16,Option Premium Bill (NFO) 02-01-2025,OPTDLY/HPC39_8-0201,2025-07-15,1211624.65,0.0,750150.0,-461474.65
2025-07-17,Option Premium Bill (NFO) 02-01-2025,OPTDLY/HPC39_8-0201,2025-07-16,1211624.65,0.0,736065.0,-475559.65
2025-07-18,Option Premium Bill (NFO) 02-01-2025,OPTDLY/HPC39_8-0201,2025-07-17,1211624.65,0.0,756495.0,-455129.65
2025-07-21,Option Premium Bill (NFO) 02-01-2025,OPTDLY/HPC39_8-0201,2025-07-18,1211624.65,0.0,828720.0,-382904.65
2025-07-22,Option Premium Bill (NFO) 02-01-2025,OPTDLY/HPC39_8-0201,2025-07-21,1211624.65,0.0,770985.0,-440639.65
2025-07-23,Option Premium Bill (NFO) 02-01-2025,OPTDLY/HPC39_8-0201,2025-07-22,1211624.65,0.0,766440.0,-445184.65
2025-07-24,Option Premium Bill (NFO) 02-01-2025,OPTDLY/HPC39_8-0201,2025-07-23,1211624.65,0.0,689220.0,-522404.65
2025-07-25,Option Premium Bill (NFO) 02-01-2025,OPTDLY/HPC39_8-0201,2025-07-24,1211624.65,0.0,760050.0,-451574.65
2025-07-28,Option Premium Bill (NFO) 02-01-2025,OPTDLY/HPC39_8-0201,2025-07-25,1211624.65,0.0,886140.0,-325484.65
2025-07-29,Option Premium Bill (NFO) 02-01-2025,OPTDLY/HPC39_8-0201,2025-07-28,1211624.65,0.0,970740.0,-240884.65
2025-07-30,Option Premium Bill (NFO) 02-01-2025,OPTDLY/HPC39_8-0201,2025-07-29,1211624.65,0.0,895995.0,-315629.65
2025-07-31,Option Premium Bill (NFO) 02-01-2025,OPTDLY/HPC39_8-0201,2025-07-30,1211624.65,0.0,877185.0,-334439.65
2025-08-01,Option Premium Bill (NFO) 02-01-2025,OPTDLY/HPC39_8-0201,2025-07-31,1211624.65,0.0,920925.0,-290699.65
2025-08-04,Option Premium Bill (NFO) 02-01-2025,OPTDLY/HPC39_8-0201,2025-08-01,1211624.65,0.0,1056600.0,-155024.65
2025-08-05,Option Premium Bill (NFO) 02-01-2025,OPTDLY/HPC39_8-0201,2025-08-04,1211624.65,0.0,967680.0,-243944.65
2025-08-06,Option Premium Bill (NFO) 02-01-2025,OPTDLY/HPC39_8-0201,2025-08-05,1211624.65,0.0,1007820.0,-203804.65
2025-08-07,Option Premium Bill (NFO) 02-01-2025,OPTDLY/HPC39_8-0201,2025-08-06,1211624.65,0.0,1062360.0,-149264.65
2025-08-08,Option Premium Bill (NFO) 02-01-2025,OPTDLY/HPC39_8-0201,2025-08-07,1211624.65,0.0,1019880.0,-191744.65
2025-08-11,Option Premium Bill (NFO) 02-01-2025,OPTDLY/HPC39_8-0201,2025-08-08,1211624.65,0.0,1163475.0,-48149.65
2025-08-12,Option Premium Bill (NFO) 02-01-2025,OPTDLY/HPC39_8-0201,2025-08-11,1211624.65,0.0,1057410.0,-154214.65
2025-08-13,Option Premium Bill (NFO) 02-01-2025,OPTDLY/HPC39_8-0201,2025-08-12,1211624.65,0.0,1097280.0,-114344.65
2025-08-14,Option Premium Bill (NFO) 02-01-2025,OPTDLY/HPC39_8-0201,2025-08-13,1211624.65,0.0,1000350.0,-211274.65
2025-08-18,Option Premium Bill (NFO) 02-01-2025,OPTDLY/HPC39_8-0201,2025-08-14,1211624.65,0.0,1021815.0,-189809.65
2025-08-19,Option Premium Bill (NFO) 02-01-2025,OPTDLY/HPC39_8-0201,2025-08-18,1211624.65,0.0,852210.0,-359414.65
2025-08-20,Option Premium Bill (NFO) 02-01-2025,OPTDLY/HPC39_8-0201,2025-08-19,1211624.65,0.0,810270.0,-401354.65
2025-08-21,Option Premium Bill (NFO) 02-01-2025,OPTDLY/HPC39_8-0201,2025-08-20,1211624.65,0.0,775755.0,-435869.65
2025-08-22,Option Premium Bill (NFO) 02-01-2025,OPTDLY/HPC39_8-0201,2025-08-21,1211624.65,0.0,746730.0,-464894.65
2025-08-25,Option Premium Bill (NFO) 02-01-2025,OPTDLY/HPC39_8-0201,2025-08-22,1211624.65,0.0,872235.0,-339389.65
2025-08-26,Option Premium Bill (NFO) 02-01-2025,OPTDLY/HPC39_8-0201,2025-08-25,1211624.65,0.0,813555.0,-398069.65
2025-08-28,Option Premium Bill (NFO) 02-01-2025,OPTDLY/HPC39_8-0201,2025-08-26,1211624.65,0.0,969345.0,-242279.65
2025-08-29,Option Premium Bill (NFO) 02-01-2025,OPTDLY/HPC39_8-0201,2025-08-28,1211624.65,0.0,1098360.0,-113264.65
2025-09-01,Option Premium Bill (NFO) 02-01-2025,OPTDLY/HPC39_8-0201,2025-08-29,1211624.65,0.0,1153080.0,-58544.65
2025-09-02,Option Premium Bill (NFO) 02-01-2025,OPTDLY/HPC39_8-0201,2025-09-01,1211624.65,0.0,1008675.0,-202949.65
2025-09-03,Option Premium Bill (NFO) 02-01-2025,OPTDLY/HPC39_8-0201,2025-09-02,1211624.65,0.0,1045845.0,-165779.65
2025-09-04,Option Premium Bill (NFO) 02-01-2025,OPTDLY/HPC39_8-0201,2025-09-03,1211624.65,0.0,964935.0,-246689.65
2025-09-09,Option Premium Bill (NFO) 02-01-2025,OPTDLY/HPC39_8-0201,2025-09-04,1211624.65,0.0,953640.0,-257984.65
2025-09-09,Option Premium Bill (NFO) 02-01-2025,OPTDLY/HPC39_8-0201,2025-09-05,1211624.65,0.0,932040.0,-279584.65
2025-09-09,Option Premium Bill (NFO) 02-01-2025,OPTDLY/HPC39_8-0201,2025-09-08,1211624.65,0.0,899055.0,-312569.65
2025-09-10,Option Premium Bill (NFO) 02-01-2025,OPTDLY/HPC39_8-0201,2025-09-09,1211624.65,0.0,855855.0,-355769.65
2025-09-11,Option Premium Bill (NFO) 02-01-2025,OPTDLY/HPC39_8-0201,2025-09-10,1211624.65,0.0,779985.0,-431639.65
2025-09-12,Option Premium Bill (NFO) 02-01-2025,OPTDLY/HPC39_8-0201,2025-09-11,1211624.65,0.0,756810.0,-454814.65
2025-09-15,Option Premium Bill (NFO) 02-01-2025,OPTDLY/HPC39_8-0201,2025-09-12,1211624.65,0.0,696825.0,-514799.65
2025-09-16,Option Premium Bill (NFO) 02-01-2025,OPTDLY/HPC39_8-0201,2025-09-15,1211624.65,0.0,716850.0,-494774.65
2025-09-17,Option Premium Bill (NFO) 02-01-2025,OPTDLY/HPC39_8-0201,2025-09-16,1211624.65,0.0,617850.0,-593774.65
2025-09-18,Option Premium Bill (NFO) 02-01-2025,OPTDLY/HPC39_8-0201,2025-09-17,1211624.65,0.0,575370.0,-636254.65
2025-09-19,Option Premium Bill (NFO) 02-01-2025,OPTDLY/HPC39_8-0201,2025-09-18,1211624.65,0.0,525690.0,-685934.65
2025-09-22,Option Premium Bill (NFO) 02-01-2025,OPTDLY/HPC39_8-0201,2025-09-19,1211624.65,0.0,579285.0,-632339.65
2025-09-23,Option Premium Bill (NFO) 02-01-2025,OPTDLY/HPC39_8-0201,2025-09-22,1211624.65,0.0,644625.0,-566999.65
2025-09-24,Option Premium Bill (NFO) 02-01-2025,OPTDLY/HPC39_8-0201,2025-09-23,1211624.65,0.0,645120.0,-566504.65
2025-09-25,Option Premium Bill (NFO) 02-01-2025,OPTDLY/HPC39_8-0201,2025-09-24,1211624.65,0.0,713070.0,-498554.65
2025-09-26,Option Premium Bill (NFO) 02-01-2025,OPTDLY/HPC39_8-0201,2025-09-25,1211624.65,0.0,791280.0,-420344.65
2025-09-29,Option Premium Bill (NFO) 02-01-2025,OPTDLY/HPC39_8-0201,2025-09-26,1211624.65,0.0,972180.0,-239444.65
2025-09-30,Option Premium Bill (NFO) 02-01-2025,OPTDLY/HPC39_8-0201,2025-09-29,1211624.65,0.0,967545.0,-244079.65
2025-10-01,Option Premium Bill (NFO) 02-01-2025,OPTDLY/HPC39_8-0201,2025-09-30,1211624.65,0.0,980235.0,-231389.65
2025-10-03,Option Premium Bill (NFO) 02-01-2025,OPTDLY/HPC39_8-0201,2025-10-01,1211624.65,0.0,850410.0,-361214.65
2025-10-06,Option Premium Bill (NFO) 02-01-2025,OPTDLY/HPC39_8-0201,2025-10-03,1211624.65,0.0,812925.0,-398699.65
2025-10-07,Option Premium Bill (NFO) 02-01-2025,OPTDLY/HPC39_8-0201,2025-10-06,1211624.65,0.0,695430.0,-516194.65
2025-10-08,Option Premium Bill (NFO) 02-01-2025,OPTDLY/HPC39_8-0201,2025-10-07,1211624.65,0.0,666585.0,-545039.65
2025-10-09,Option Premium Bill (NFO) 02-01-2025,OPTDLY/HPC39_8-0201,2025-10-08,1211624.65,0.0,735165.0,-476459.65
2025-10-10,Option Premium Bill (NFO) 02-01-2025,OPTDLY/HPC39_8-0201,2025-10-09,1211624.65,0.0,643050.0,-568574.65
2025-10-13,Option Premium Bill (NFO) 02-01-2025,OPTDLY/HPC39_8-0201,2025-10-10,1211624.65,0.0,565020.0,-646604.65
2025-10-14,Option Premium Bill (NFO) 02-01-2025,OPTDLY/HPC39_8-0201,2025-10-13,1211624.65,0.0,618795.0,-592829.65
2025-10-15,Option Premium Bill (NFO) 02-01-2025,OPTDLY/HPC39_8-0201,2025-10-14,1211624.65,0.0,679680.0,-531944.65
2025-10-16,Option Premium Bill (NFO) 02-01-2025,OPTDLY/HPC39_8-0201,2025-10-15,1211624.65,0.0,549810.0,-661814.65
2025-10-17,Option Premium Bill (NFO) 02-01-2025,OPTDLY/HPC39_8-0201,2025-10-16,1211624.65,0.0,454140.0,-757484.65
2025-10-20,Option Premium Bill (NFO) 02-01-2025,OPTDLY/HPC39_8-0201,2025-10-17,1211624.65,0.0,436815.0,-774809.65
2025-10-23,Option Premium Bill (NFO) 02-01-2025,OPTDLY/HPC39_8-0201,2025-10-20,1211624.65,0.0,355320.0,-856304.65
2025-10-23,Option Premium Bill (NFO) 02-01-2025,OPTDLY/HPC39_8-0201,2025-10-21,1211624.65,0.0,354105.0,-857519.65
2025-10-24,Option Premium Bill (NFO) 02-01-2025,OPTDLY/HPC39_8-0201,2025-10-23,1211624.65,0.0,327285.0,-884339.65
2025-10-27,Option Premium Bill (NFO) 02-01-2025,OPTDLY/HPC39_8-0201,2025-10-24,1211624.65,0.0,378135.0,-833489.65
2025-10-28,Option Premium Bill (NFO) 02-01-2025,OPTDLY/HPC39_8-0201,2025-10-27,1211624.65,0.0,298530.0,-913094.65
2025-10-29,Option Premium Bill (NFO) 02-01-2025,OPTDLY/HPC39_8-0201,2025-10-28,1211624.65,0.0,319590.0,-892034.65
2025-10-30,Option Premium Bill (NFO) 02-01-2025,OPTDLY/HPC39_8-0201,2025-10-29,1211624.65,0.0,268425.0,-943199.65
2025-10-31,Option Premium Bill (NFO) 02-01-2025,OPTDLY/HPC39_8-0201,2025-10-30,1211624.65,0.0,325800.0,-885824.65
2025-11-03,Option Premium Bill (NFO) 02-01-2025,OPTDLY/HPC39_8-0201,2025-10-31,1211624.65,0.0,367335.0,-844289.65
2025-11-04,Option Premium Bill (NFO) 02-01-2025,OPTDLY/HPC39_8-0201,2025-11-03,1211624.65,0.0,367245.0,-844379.65
2025-11-06,Option Premium Bill (NFO) 02-01-2025,OPTDLY/HPC39_8-0201,2025-11-04,1211624.65,0.0,439695.0,-771929.65
2025-11-07,Option Premium Bill (NFO) 06-11-2025,OPTDLY/HPC39_8-0611,2025-11-06,1265137.15,0.0,517770.0,-747367.15
2025-11-10,Option Premium Bill (NFO) 06-11-2025,OPTDLY/HPC39_8-0611,2025-11-07,1265137.15,0.0,534420.0,-730717.15
2025-11-11,Option Premium Bill (NFO) 06-11-2025,OPTDLY/HPC39_8-0611,2025-11-10,1265137.15,0.0,497565.0,-767572.15
2025-11-12,Option Premium Bill (NFO) 06-11-2025,OPTDLY/HPC39_8-0611,2025-11-11,1265137.15,0.0,465255.0,-799882.15
2025-11-13,Option Premium Bill (NFO) 06-11-2025,OPTDLY/HPC39_8-0611,2025-11-12,1265137.15,0.0,409365.0,-855772.15
2025-11-14,Option Premium Bill (NFO) 06-11-2025,OPTDLY/HPC39_8-0611,2025-11-13,1265137.15,0.0,419895.0,-845242.15
2025-11-17,Option Premium Bill (NFO) 06-11-2025,OPTDLY/HPC39_8-0611,2025-11-14,1265137.15,0.0,417780.0,-847357.15
2025-11-18,Option Premium Bill (NFO) 06-11-2025,OPTDLY/HPC39_8-0611,2025-11-17,1265137.15,0.0,385290.0,-879847.15
2025-11-19,Option Premium Bill (NFO) 06-11-2025,OPTDLY/HPC39_8-0611,2025-11-18,1265137.15,0.0,415170.0,-849967.15
2025-11-20,Option Premium Bill (NFO) 06-11-2025,OPTDLY/HPC39_8-0611,2025-11-19,1265137.15,0.0,386460.0,-878677.15
2025-11-21,Option Premium Bill (NFO) 06-11-2025,OPTDLY/HPC39_8-0611,2025-11-20,1265137.15,0.0,343665.0,-921472.15
2025-11-24,Option Premium Bill (NFO) 06-11-2025,OPTDLY/HPC39_8-0611,2025-11-21,1265137.15,0.0,385020.0,-880117.15
2025-11-25,Option Premium Bill (NFO) 06-11-2025,OPTDLY/HPC39_8-0611,2025-11-24,1265137.15,0.0,400995.0,-864142.15
2025-11-26,Option Premium Bill (NFO) 06-11-2025,OPTDLY/HPC39_8-0611,2025-11-25,1265137.15,0.0,418635.0,-846502.15
2025-11-27,Option Premium Bill (NFO) 06-11-2025,OPTDLY/HPC39_8-0611,2025-11-26,1265137.15,0.0,338355.0,-926782.15
2025-11-28,Option Premium Bill (NFO) 06-11-2025,OPTDLY/HPC39_8-0611,2025-11-27,1265137.15,0.0,322965.0,-942172.15
2025-12-01,Option Premium Bill (NFO) 06-11-2025,OPTDLY/HPC39_8-0611,2025-11-28,1265137.15,0.0,316845.0,-948292.15
2025-12-02,Option Premium Bill (NFO) 06-11-2025,OPTDLY/HPC39_8-0611,2025-12-01,1265137.15,0.0,323955.0,-941182.15
2025-12-03,Option Premium Bill (NFO) 06-11-2025,OPTDLY/HPC39_8-0611,2025-12-02,1265137.15,0.0,343350.0,-921787.15
2025-12-04,Option Premium Bill (NFO) 06-11-2025,OPTDLY/HPC39_8-0611,2025-12-03,1265137.15,0.0,355905.0,-909232.15
2025-12-05,Option Premium Bill (NFO) 06-11-2025,OPTDLY/HPC39_8-0611,2025-12-04,1265137.15,0.0,340245.0,-924892.15
2025-12-08,Option Premium Bill (NFO) 06-11-2025,OPTDLY/HPC39_8-0611,2025-12-05,1265137.15,0.0,293400.0,-971737.15
2025-12-09,Option Premium Bill (NFO) 06-11-2025,OPTDLY/HPC39_8-0611,2025-12-08,1265137.15,0.0,362250.0,-902887.15
2025-12-10,Option Premium Bill (NFO) 06-11-2025,OPTDLY/HPC39_8-0611,2025-12-09,1265137.15,0.0,380295.0,-884842.15
2025-12-11,Option Premium Bill (NFO) 06-11-2025,OPTDLY/HPC39_8-0611,2025-12-10,1265137.15,0.0,407790.0,-857347.15
2025-12-12,Option Premium Bill (NFO) 06-11-2025,OPTDLY/HPC39_8-0611,2025-12-11,1265137.15,0.0,358470.0,-906667.15
2025-12-15,Option Premium Bill (NFO) 06-11-2025,OPTDLY/HPC39_8-0611,2025-12-12,1265137.15,0.0,312615.0,-952522.15
2025-12-16,Option Premium Bill (NFO) 06-11-2025,OPTDLY/HPC39_8-0611,2025-12-15,1265137.15,0.0,316980.0,-948157.15
2025-12-17,Option Premium Bill (NFO) 06-11-2025,OPTDLY/HPC39_8-0611,2025-12-16,1265137.15,0.0,357930.0,-907207.15
2025-12-18,Option Premium Bill (NFO) 06-11-2025,OPTDLY/HPC39_8-0611,2025-12-17,1265137.15,0.0,363600.0,-901537.15
2025-12-19,Option Premium Bill (NFO) 06-11-2025,OPTDLY/HPC39_8-0611,2025-12-18,1265137.15,0.0,354465.0,-910672.15
2025-12-22,Option Premium Bill (NFO) 06-11-2025,OPTDLY/HPC39_8-0611,2025-12-19,1265137.15,0.0,311400.0,-953737.15
2025-12-23,Option Premium Bill (NFO) 06-11-2025,OPTDLY/HPC39_8-0611,2025-12-22,1265137.15,0.0,257400.0,-1007737.15
2025-12-24,Option Premium Bill (NFO) 06-11-2025,OPTDLY/HPC39_8-0611,2025-12-23,1265137.15,0.0,250785.0,-1014352.15
2025-12-26,Option Premium Bill (NFO) 06-11-2025,OPTDLY/HPC39_8-0611,2025-12-24,1265137.15,0.0,254250.0,-1010887.15
2025-12-29,Option Premium Bill (NFO) 06-11-2025,OPTDLY/HPC39_8-0611,2025-12-26,1265137.15,0.0,281250.0,-983887.15
2025-12-30,Option Premium Bill (NFO) 06-11-2025,OPTDLY/HPC39_8-0611,2025-12-29,1265137.15,0.0,318555.0,-946582.15
2025-12-31,Option Premium Bill (NFO) 06-11-2025,OPTDLY/HPC39_8-0611,2025-12-30,1265137.15,0.0,310725.0,-954412.15
2026-01-01,Option Premium Bill (NFO) 06-11-2025,OPTDLY/HPC39_8-0611,2025-12-31,1265137.15,0.0,255240.0,-1009897.15
2026-01-02,Option Premium Bill (NFO) 06-11-2025,OPTDLY/HPC39_8-0611,2026-01-01,1265137.15,0.0,249390.0,-1015747.15
2026-01-05,Option Premium Bill (NFO) 06-11-2025,OPTDLY/HPC39_8-0611,2026-01-02,1265137.15,0.0,219870.0,-1045267.15
2026-01-06,Option Premium Bill (NFO) 06-11-2025,OPTDLY/HPC39_8-0611,2026-01-05,1265137.15,0.0,242010.0,-1023127.15
2026-01-07,Option Premium Bill (NFO) 06-11-2025,OPTDLY/HPC39_8-0611,2026-01-06,1265137.15,0.0,254790.0,-1010347.15
2026-01-08,Option Premium Bill (NFO) 06-11-2025,OPTDLY/HPC39_8-0611,2026-01-07,1265137.15,0.0,259695.0,-1005442.15
2026-01-09,Option Premium Bill (NFO) 06-11-2025,OPTDLY/HPC39_8-0611,2026-01-08,1265137.15,0.0,337095.0,-928042.15
2026-01-12,Option Premium Bill (NFO) 06-11-2025,OPTDLY/HPC39_8-0611,2026-01-09,1265137.15,0.0,404955.0,-860182.15
2026-01-13,Option Premium Bill (NFO) 06-11-2025,OPTDLY/HPC39_8-0611,2026-01-12,1265137.15,0.0,370080.0,-895057.15
2026-01-14,Option Premium Bill (NFO) 06-11-2025,OPTDLY/HPC39_8-0611,2026-01-13,1265137.15,0.0,393075.0,-872062.15
2026-01-16,Option Premium Bill (NFO) 06-11-2025,OPTDLY/HPC39_8-0611,2026-01-14,1265137.15,0.0,419580.0,-845557.15
2026-01-19,Option Premium Bill (NFO) 06-11-2025,OPTDLY/HPC39_8-0611,2026-01-16,1265137.15,0.0,400815.0,-864322.15
2026-01-20,Option Premium Bill (NFO) 06-11-2025,OPTDLY/HPC39_8-0611,2026-01-19,1265137.15,0.0,464130.0,-801007.15
2026-01-21,Option Premium Bill (NFO) 06-11-2025,OPTDLY/HPC39_8-0611,2026-01-20,1265137.15,0.0,650520.0,-614617.15
2026-01-22,Option Premium Bill (NFO) 06-11-2025,OPTDLY/HPC39_8-0611,2026-01-21,1265137.15,0.0,715275.0,-549862.15
2026-01-23,Option Premium Bill (NFO) 06-11-2025,OPTDLY/HPC39_8-0611,2026-01-22,1265137.15,0.0,603810.0,-661327.15
2026-01-27,Option Premium Bill (NFO) 06-11-2025,OPTDLY/HPC39_8-0611,2026-01-23,1265137.15,0.0,770310.0,-494827.15
2026-01-28,Option Premium Bill (NFO) 06-11-2025,OPTDLY/HPC39_8-0611,2026-01-27,1265137.15,0.0,669960.0,-595177.15
2026-01-29,Option Premium Bill (NFO) 06-11-2025,OPTDLY/HPC39_8-0611,2026-01-28,1265137.15,0.0,608670.0,-656467.15
2026-01-30,Option Premium Bill (NFO) 06-11-2025,OPTDLY/HPC39_8-0611,2026-01-29,1265137.15,0.0,559305.0,-705832.15
2026-02-02,Option Premium Bill (NFO) 06-11-2025,OPTDLY/HPC39_8-0611,2026-01-30,1265137.15,0.0,619290.0,-645847.15
2026-02-02,Option Premium Bill (NFO) 06-11-2025,OPTDLY/HPC39_8-0611,2026-02-01,1265137.15,0.0,982215.0,-282922.15
2026-02-03,Option Premium Bill (NFO) 06-11-2025,OPTDLY/HPC39_8-0611,2026-02-02,1265137.15,0.0,788625.0,-476512.15
2026-02-04,Option Premium Bill (NFO) 06-11-2025,OPTDLY/HPC39_8-0611,2026-02-03,1265137.15,0.0,413685.0,-851452.15
2026-02-05,Option Premium Bill (NFO) 06-11-2025,OPTDLY/HPC39_8-0611,2026-02-04,1265137.15,0.0,382455.0,-882682.15
2026-02-06,Option Premium Bill (NFO) 06-11-2025,OPTDLY/HPC39_8-0611,2026-02-05,1265137.15,0.0,428265.0,-836872.15
2026-02-09,Option Premium Bill (NFO) 06-11-2025,OPTDLY/HPC39_8-0611,2026-02-06,1265137.15,0.0,415980.0,-849157.15
2026-02-10,Option Premium Bill (NFO) 06-11-2025,OPTDLY/HPC39_8-0611,2026-02-09,1265137.15,0.0,329175.0,-935962.15
2026-02-11,Option Premium Bill (NFO) 06-11-2025,OPTDLY/HPC39_8-0611,2026-02-10,1265137.15,0.0,289530.0,-975607.15
2026-02-12,Option Premium Bill (NFO) 06-11-2025,OPTDLY/HPC39_8-0611,2026-02-11,1265137.15,0.0,274410.0,-990727.15
2026-02-13,Option Premium Bill (NFO) 06-11-2025,OPTDLY/HPC39_8-0611,2026-02-12,1265137.15,0.0,325530.0,-939607.15
2026-02-16,Option Premium Bill (NFO) 06-11-2025,OPTDLY/HPC39_8-0611,2026-02-13,1265137.15,0.0,498015.0,-767122.15
2026-02-17,Option Premium Bill (NFO) 06-11-2025,OPTDLY/HPC39_8-0611,2026-02-16,1265137.15,0.0,394335.0,-870802.15
2026-02-18,Option Premium Bill (NFO) 06-11-2025,OPTDLY/HPC39_8-0611,2026-02-17,1265137.15,0.0,377595.0,-887542.15
2026-02-19,Option Premium Bill (NFO) 06-11-2025,OPTDLY/HPC39_8-0611,2026-02-18,1265137.15,0.0,321795.0,-943342.15
2026-02-20,Option Premium Bill (NFO) 06-11-2025,OPTDLY/HPC39_8-0611,2026-02-19,1265137.15,0.0,531630.0,-733507.15
2026-02-23,Option Premium Bill (NFO) 06-11-2025,OPTDLY/HPC39_8-0611,2026-02-20,1265137.15,0.0,450900.0,-814237.15
2026-02-24,Option Premium Bill (NFO) 06-11-2025,OPTDLY/HPC39_8-0611,2026-02-23,1265137.15,0.0,388395.0,-876742.15
2026-02-25,Option Premium Bill (NFO) 06-11-2025,OPTDLY/HPC39_8-0611,2026-02-24,1265137.15,0.0,529875.0,-735262.15
2026-02-26,Option Premium Bill (NFO) 06-11-2025,OPTDLY/HPC39_8-0611,2026-02-25,1265137.15,0.0,492705.0,-772432.15
2026-02-27,Option Premium Bill (NFO) 06-11-2025,OPTDLY/HPC39_8-0611,2026-02-26,1265137.15,0.0,481410.0,-783727.15
2026-03-02,Option Premium Bill (NFO) 06-11-2025,OPTDLY/HPC39_8-0611,2026-02-27,1265137.15,0.0,685620.0,-579517.15
2026-03-04,Option Premium Bill (NFO) 06-11-2025,OPTDLY/HPC39_8-0611,2026-03-02,1265137.15,0.0,972135.0,-293002.15
2026-03-05,Option Premium Bill (NFO) 06-11-2025,OPTDLY/HPC39_8-0611,2026-03-04,1265137.15,0.0,1309905.0,44767.85
2026-03-06,Option Premium Bill (NFO) 06-11-2025,OPTDLY/HPC39_8-0611,2026-03-05,1265137.15,0.0,1064025.0,-201112.15
2026-03-09,Option Premium Bill (NFO) 06-03-2026,OPTDLY/HPC39_8-0603,2026-03-06,1265137.15,53202.06,1206634.75,-5300.34
2026-03-10,Option Premium Bill (NFO) 06-03-2026,OPTDLY/HPC39_8-0603,2026-03-09,1265137.15,53202.06,1461166.0,249230.91
2026-03-11,Option Premium Bill (NFO) 06-03-2026,OPTDLY/HPC39_8-0603,2026-03-10,1265137.15,53202.06,1241213.0,29277.91
2026-03-12,Option Premium Bill (NFO) 06-03-2026,OPTDLY/HPC39_8-0603,2026-03-11,1265137.15,53202.06,1512220.0,300284.91
2026-03-13,Option Premium Bill (NFO) 06-03-2026,OPTDLY/HPC39_8-0603,2026-03-12,1265137.15,53202.06,1611196.0,399260.91
2026-03-16,Option Premium Bill (NFO) 06-03-2026,OPTDLY/HPC39_8-0603,2026-03-13,1265137.15,53202.06,1888358.0,676422.91
2026-03-17,Option Premium Bill (NFO) 06-03-2026,OPTDLY/HPC39_8-0603,2026-03-16,1265137.15,53202.06,1769070.0,557134.91
2026-03-18,Option Premium Bill (NFO) 06-03-2026,OPTDLY/HPC39_8-0603,2026-03-17,1265137.15,53202.06,1627062.0,415126.91
2026-03-19,Option Premium Bill (NFO) 06-03-2026,OPTDLY/HPC39_8-0603,2026-03-18,1265137.15,53202.06,1530047.0,318111.91
2026-03-20,Option Premium Bill (NFO) 06-03-2026,OPTDLY/HPC39_8-0603,2026-03-19,1265137.15,53202.06,2005597.0,793661.91
2026-03-23,Option Premium Bill (NFO) 06-03-2026,OPTDLY/HPC39_8-0603,2026-03-20,1265137.15,53202.06,1922300.0,710364.91
2026-03-24,Option Premium Bill (NFO) 06-03-2026,OPTDLY/HPC39_8-0603,2026-03-23,1265137.15,53202.06,2368781.0,1156845.91
2026-03-25,Option Premium Bill (NFO) 06-03-2026,OPTDLY/HPC39_8-0603,2026-03-24,1265137.15,53202.06,2069397.0,857461.91
2026-03-27,Option Premium Bill (NFO) 06-03-2026,OPTDLY/HPC39_8-0603,2026-03-25,1265137.15,53202.06,1829979.0,618043.91
2026-03-30,Option Premium Bill (NFO) 06-03-2026,OPTDLY/HPC39_8-0603,2026-03-27,1265137.15,53202.06,2168156.0,956220.91
2026-04-01,Option Premium Bill (NFO) 06-03-2026,OPTDLY/HPC39_8-0603,2026-03-30,1265137.15,254722.84,2295104.0,1284689.69
2026-04-02,Option Premium Bill (NFO) 06-03-2026,OPTDLY/HPC39_8-0603,2026-04-01,1265137.15,254722.84,2026352.0,1015937.69
2026-04-06,Option Premium Bill (NFO) 06-03-2026,OPTDLY/HPC39_8-0603,2026-04-02,1265137.15,254722.84,2013466.0,1003051.69
2026-04-07,Option Premium Bill (NFO) 06-03-2026,OPTDLY/HPC39_8-0603,2026-04-06,1265137.15,254722.84,1849113.0,838698.69
2026-04-08,Option Premium Bill (NFO) 06-03-2026,OPTDLY/HPC39_8-0603,2026-04-07,1265137.15,254722.84,1787513.0,777098.69
2026-04-09,Option Premium Bill (NFO) 06-03-2026,OPTDLY/HPC39_8-0603,2026-04-08,1265137.15,254722.84,1273203.0,262788.69
2026-04-10,Option Premium Bill (NFO) 06-03-2026,OPTDLY/HPC39_8-0603,2026-04-09,1265137.15,254722.84,1366829.0,356414.69
2026-04-13,Option Premium Bill (NFO) 06-03-2026,OPTDLY/HPC39_8-0603,2026-04-10,1265137.15,254722.84,1253980.0,243565.69
2026-04-15,Option Premium Bill (NFO) 06-03-2026,OPTDLY/HPC39_8-0603,2026-04-13,1265137.15,254722.84,1373378.0,362963.69
2026-04-16,Option Premium Bill (NFO) 06-03-2026,OPTDLY/HPC39_8-0603,2026-04-15,1265137.15,254722.84,1160523.0,150108.69
2026-04-17,Option Premium Bill (NFO) 06-03-2026,OPTDLY/HPC39_8-0603,2026-04-16,1265137.15,254722.84,1167832.0,157417.69
2026-04-20,Option Premium Bill (NFO) 06-03-2026,OPTDLY/HPC39_8-0603,2026-04-17,1265137.15,254722.84,1097739.0,87324.69
2026-04-21,Option Premium Bill (NFO) 06-03-2026,OPTDLY/HPC39_8-0603,2026-04-20,1265137.15,254722.84,1116836.0,106421.69
2026-04-22,Option Premium Bill (NFO) 06-03-2026,OPTDLY/HPC39_8-0603,2026-04-21,1265137.15,254722.84,991438.0,-18976.31
2026-04-23,Option Premium Bill (NFO) 06-03-2026,OPTDLY/HPC39_8-0603,2026-04-22,1265137.15,254722.84,1080036.0,69621.69
2026-04-24,Option Premium Bill (NFO) 06-03-2026,OPTDLY/HPC39_8-0603,2026-04-23,1265137.15,254722.84,1193224.0,182809.69
2026-04-27,Option Premium Bill (NFO) 06-03-2026,OPTDLY/HPC39_8-0603,2026-04-24,1265137.15,254722.84,1323101.0,312686.69
2026-04-28,Option Premium Bill (NFO) 06-03-2026,OPTDLY/HPC39_8-0603,2026-04-27,1265137.15,254722.84,1228123.0,217708.69
2026-04-29,Option Premium Bill (NFO) 06-03-2026,OPTDLY/HPC39_8-0603,2026-04-28,1265137.15,254722.84,1303285.0,292870.69
2026-04-30,Option Premium Bill (NFO) 06-03-2026,OPTDLY/HPC39_8-0603,2026-04-29,1265137.15,254722.84,1204632.0,194217.69
2026-05-04,Option Premium Bill (NFO) 06-03-2026,OPTDLY/HPC39_8-0603,2026-04-30,1265137.15,254722.84,1310214.0,299799.69
2026-05-05,Option Premium Bill (NFO) 06-03-2026,OPTDLY/HPC39_8-0603,2026-05-04,1265137.15,254722.84,1244135.0,233720.69
2026-05-06,Option Premium Bill (NFO) 06-03-2026,OPTDLY/HPC39_8-0603,2026-05-05,1265137.15,254722.84,1298976.0,288561.69
2026-05-07,Option Premium Bill (NFO) 06-03-2026,OPTDLY/HPC39_8-0603,2026-05-06,1265137.15,254722.84,1112611.0,102196.69
2026-05-08,Option Premium Bill (NFO) 06-03-2026,OPTDLY/HPC39_8-0603,2026-05-07,1265137.15,254722.84,1126342.0,115927.69
2026-05-11,Option Premium Bill (NFO) 06-03-2026,OPTDLY/HPC39_8-0603,2026-05-08,1265137.15,254722.84,1201252.0,190837.69
2026-05-12,Option Premium Bill (NFO) 06-03-2026,OPTDLY/HPC39_8-0603,2026-05-11,1265137.15,254722.84,1391250.0,380835.69
2026-05-13,Option Premium Bill (NFO) 06-03-2026,OPTDLY/HPC39_8-0603,2026-05-12,1265137.15,254722.84,1626920.0,616505.69
2026-05-14,Option Premium Bill (NFO) 06-03-2026,OPTDLY/HPC39_8-0603,2026-05-13,1265137.15,254722.84,1627385.0,616970.69
2026-05-15,Option Premium Bill (NFO) 06-03-2026,OPTDLY/HPC39_8-0603,2026-05-14,1265137.15,254722.84,1495185.0,484770.69
2026-05-18,Option Premium Bill (NFO) 06-03-2026,OPTDLY/HPC39_8-0603,2026-05-15,1265137.15,254722.84,1536801.0,526386.69
2026-05-19,Option Premium Bill (NFO) 06-03-2026,OPTDLY/HPC39_8-0603,2026-05-18,1265137.15,254722.84,1550575.0,540160.69
2026-05-20,Option Premium Bill (NFO) 06-03-2026,OPTDLY/HPC39_8-0603,2026-05-19,1265137.15,254722.84,1561222.0,550807.69
2026-05-21,Option Premium Bill (NFO) 06-03-2026,OPTDLY/HPC39_8-0603,2026-05-20,1265137.15,254722.84,1531351.0,520936.69
2026-05-22,Option Premium Bill (NFO) 06-03-2026,OPTDLY/HPC39_8-0603,2026-05-21,1265137.15,254722.84,1535956.0,525541.69
2026-05-25,Option Premium Bill (NFO) 06-03-2026,OPTDLY/HPC39_8-0603,2026-05-22,1265137.15,254722.84,1470891.0,460476.69
2026-05-26,Option Premium Bill (NFO) 06-03-2026,OPTDLY/HPC39_8-0603,2026-05-25,1265137.15,254722.84,1288118.0,277703.69
2026-05-27,Option Premium Bill (NFO) 06-03-2026,OPTDLY/HPC39_8-0603,2026-05-26,1265137.15,254722.84,1342747.0,332332.69
2026-05-29,Option Premium Bill (NFO) 06-03-2026,OPTDLY/HPC39_8-0603,2026-05-27,1265137.15,254722.84,1339409.0,328994.69
2026-06-01,Option Premium Bill (NFO) 06-03-2026,OPTDLY/HPC39_8-0603,2026-05-29,1265137.15,254722.84,1481623.0,471208.69
2026-06-02,Option Premium Bill (NFO) 06-03-2026,OPTDLY/HPC39_8-0603,2026-06-01,1265137.15,254722.84,1646398.0,635983.69
2026-06-03,Option Premium Bill (NFO) 06-03-2026,OPTDLY/HPC39_8-0603,2026-06-02,1265137.15,254722.84,1547659.0,537244.69
2026-06-04,Option Premium Bill (NFO) 06-03-2026,OPTDLY/HPC39_8-0603,2026-06-03,1265137.15,254722.84,1578967.0,568552.69
2026-06-05,Option Premium Bill (NFO) 06-03-2026,OPTDLY/HPC39_8-0603,2026-06-04,1265137.15,254722.84,1608204.0,597789.69
2026-06-08,Option Premium Bill (NFO) 06-03-2026,OPTDLY/HPC39_8-0603,2026-06-05,1265137.15,254722.84,1632835.0,622420.69
2026-06-09,Option Premium Bill (NFO) 06-03-2026,OPTDLY/HPC39_8-0603,2026-06-08,1265137.15,254722.84,1814933.0,804518.69
2026-06-10,Option Premium Bill (NFO) 06-03-2026,OPTDLY/HPC39_8-0603,2026-06-09,1265137.15,254722.84,1700942.0,690527.69
2026-06-11,Option Premium Bill (NFO) 06-03-2026,OPTDLY/HPC39_8-0603,2026-06-10,1265137.15,254722.84,1786625.0,776210.69
2026-06-12,Option Premium Bill (NFO) 06-03-2026,OPTDLY/HPC39_8-0603,2026-06-11,1265137.15,254722.84,1815271.0,804856.69
2026-06-15,Option Premium Bill (NFO) 06-03-2026,OPTDLY/HPC39_8-0603,2026-06-12,1265137.15,254722.84,1514789.0,504374.69
2026-06-16,Option Premium Bill (NFO) 06-03-2026,OPTDLY/HPC39_8-0603,2026-06-15,1265137.15,254722.84,1352971.0,342556.69
2026-06-17,Option Premium Bill (NFO) 06-03-2026,OPTDLY/HPC39_8-0603,2026-06-16,1265137.15,254722.84,1297497.0,287082.69
2026-06-18,Option Premium Bill (NFO) 06-03-2026,OPTDLY/HPC39_8-0603,2026-06-17,1265137.15,254722.84,1251149.0,240734.69
2026-06-19,Option Premium Bill (NFO) 06-03-2026,OPTDLY/HPC39_8-0603,2026-06-18,1265137.15,254722.84,1170620.0,160205.69
2026-06-22,Option Premium Bill (NFO) 06-03-2026,OPTDLY/HPC39_8-0603,2026-06-19,1265137.15,254722.84,1239657.0,229242.69
2026-06-23,Option Premium Bill (NFO) 06-03-2026,OPTDLY/HPC39_8-0603,2026-06-22,1265137.15,254722.84,1196520.0,186105.69
2026-06-24,Option Premium Bill (NFO) 06-03-2026,OPTDLY/HPC39_8-0603,2026-06-23,1265137.15,254722.84,1371646.0,361231.69
2026-06-25,Option Premium Bill (NFO) 06-03-2026,OPTDLY/HPC39_8-0603,2026-06-24,1265137.15,254722.84,1246037.0,235622.69
2026-06-29,Option Premium Bill (NFO) 06-03-2026,OPTDLY/HPC39_8-0603,2026-06-25,1265137.15,254722.84,1218743.0,208328.69
2026-06-30,Option Premium Bill (NFO) 06-03-2026,OPTDLY/HPC39_8-0603,2026-06-29,1265137.15,254722.84,1285540.0,275125.69
2026-07-01,Option Premium Bill (NFO) 06-03-2026,OPTDLY/HPC39_8-0603,2026-06-30,1265137.15,254722.84,1284315.0,273900.69
2026-07-02,Option Premium Bill (NFO) 06-03-2026,OPTDLY/HPC39_8-0603,2026-07-01,1265137.15,254722.84,1271133.0,260718.69
2026-07-03,Option Premium Bill (NFO) 06-03-2026,OPTDLY/HPC39_8-0603,2026-07-02,1265137.15,254722.84,1173493.0,163078.69
2026-07-06,Option Premium Bill (NFO) 06-03-2026,OPTDLY/HPC39_8-0603,2026-07-03,1265137.15,254722.84,1107921.0,97506.69
2026-07-07,Option Premium Bill (NFO) 06-03-2026,OPTDLY/HPC39_8-0603,2026-07-06,1265137.15,254722.84,1032463.0,22048.69
2026-07-08,Option Premium Bill (NFO) 06-03-2026,OPTDLY/HPC39_8-0603,2026-07-07,1265137.15,254722.84,1052067.0,41652.69
2026-07-09,Option Premium Bill (NFO) 06-03-2026,OPTDLY/HPC39_8-0603,2026-07-08,1265137.15,254722.84,1370970.0,360555.69
2026-07-10,Option Premium Bill (NFO) 06-03-2026,OPTDLY/HPC39_8-0603,2026-07-09,1265137.15,254722.84,1324368.0,313953.69
2026-07-13,Option Premium Bill (NFO) 06-03-2026,OPTDLY/HPC39_8-0603,2026-07-10,1265137.15,254722.84,1168212.0,157797.69
2026-07-14,Option Premium Bill (NFO) 06-03-2026,OPTDLY/HPC39_8-0603,2026-07-13,1265137.15,254722.84,1169142.0,158727.69
2026-07-15,Option Premium Bill (NFO) 06-03-2026,OPTDLY/HPC39_8-0603,2026-07-14,1265137.15,254722.84,1305187.0,294772.69
2026-07-16,Option Premium Bill (NFO) 06-03-2026,OPTDLY/HPC39_8-0603,2026-07-15,1265137.15,254722.84,1270668.0,260253.69
2026-07-17,Option Premium Bill (NFO) 06-03-2026,OPTDLY/HPC39_8-0603,2026-07-16,1265137.15,254722.84,1246332.0,235917.69
2026-07-20,Option Premium Bill (NFO) 06-03-2026,OPTDLY/HPC39_8-0603,2026-07-17,1265137.15,254722.84,1127906.0,117491.69
2026-07-21,Option Premium Bill (NFO) 06-03-2026,OPTDLY/HPC39_8-0603,2026-07-20,1265137.15,254722.84,1160692.0,150277.69
2026-07-22,Option Premium Bill (NFO) 06-03-2026,OPTDLY/HPC39_8-0603,2026-07-21,1265137.15,254722.84,1202139.0,191724.69
2026-07-23,Option Premium Bill (NFO) 06-03-2026,OPTDLY/HPC39_8-0603,2026-07-22,1265137.15,254722.84,1317946.0,307531.69
2026-07-24,Option Premium Bill (NFO) 06-03-2026,OPTDLY/HPC39_8-0603,2026-07-23,1265137.15,254722.84,1399996.0,389581.69
2026-07-27,Option Premium Bill (NFO) 06-03-2026,OPTDLY/HPC39_8-0603,2026-07-24,1265137.15,254722.84,1450231.0,439816.69
2026-07-28,Option Premium Bill (NFO) 06-03-2026,OPTDLY/HPC39_8-0603,2026-07-27,1265137.15,254722.84,1290653.0,280238.69
2026-07-29,Option Premium Bill (NFO) 06-03-2026,OPTDLY/HPC39_8-0603,2026-07-28,1265137.15,254722.84,1296061.0,285646.69
2026-07-30,Option Premium Bill (NFO) 06-03-2026,OPTDLY/HPC39_8-0603,2026-07-29,1265137.15,254722.84,1173578.0,163163.69
2026-07-31,Option Premium Bill (NFO) 06-03-2026,OPTDLY/HPC39_8-0603,2026-07-30,1265137.15,254722.84,1144721.0,134306.69
2026-08-03,Option Premium Bill (NFO) 06-03-2026,OPTDLY/HPC39_8-0603,2026-07-31,1265137.15,254722.84,1087261.0,76846.69
2026-08-04,Option Premium Bill (NFO) 06-03-2026,OPTDLY/HPC39_8-0603,2026-08-03,1265137.15,254722.84,964947.0,-45467.31
2026-08-05,Option Premium Bill (NFO) 06-03-2026,OPTDLY/HPC39_8-0603,2026-08-04,1265137.15,254722.84,990255.0,-20159.31
2026-08-06,Option Premium Bill (NFO) 06-03-2026,OPTDLY/HPC39_8-0603,2026-08-05,1265137.15,254722.84,934189.0,-76225.31
2026-08-07,Option Premium Bill (NFO) 06-03-2026,OPTDLY/HPC39_8-0603,2026-08-06,1265137.15,254722.84,891770.0,-118644.31
2026-08-10,Option Premium Bill (NFO) 06-03-2026,OPTDLY/HPC39_8-0603,2026-08-07,1265137.15,254722.84,933936.0,-76478.31
2026-08-11,Option Premium Bill (NFO) 06-03-2026,OPTDLY/HPC39_8-0603,2026-08-10,1265137.15,254722.84,929331.0,-81083.31
2026-08-12,Option Premium Bill (NFO) 06-03-2026,OPTDLY/HPC39_8-0603,2026-08-11,1265137.15,254722.84,984213.0,-26201.31
2026-08-13,Option Premium Bill (NFO) 06-03-2026,OPTDLY/HPC39_8-0603,2026-08-12,1265137.15,254722.84,1019915.0,9500.69
2026-08-14,Option Premium Bill (NFO) 06-03-2026,OPTDLY/HPC39_8-0603,2026-08-13,1265137.15,254722.84,1009479.0,-935.31
2026-08-17,Option Premium Bill (NFO) 06-03-2026,OPTDLY/HPC39_8-0603,2026-08-14,1265137.15,254722.84,1019408.0,8993.69
2026-08-18,Option Premium Bill (NFO) 06-03-2026,OPTDLY/HPC39_8-0603,2026-08-17,1265137.15,254722.84,1039941.0,29526.69
2026-08-19,Option Premium Bill (NFO) 06-03-2026,OPTDLY/HPC39_8-0603,2026-08-18,1265137.15,254722.84,1147383.0,136968.69
2026-08-20,Option Premium Bill (NFO) 06-03-2026,OPTDLY/HPC39_8-0603,2026-08-19,1265137.15,254722.84,1215870.0,205455.69
2026-08-21,Option Premium Bill (NFO) 06-03-2026,OPTDLY/HPC39_8-0603,2026-08-20,1265137.15,254722.84,1108513.0,98098.69
2026-08-24,Option Premium Bill (NFO) 06-03-2026,OPTDLY/HPC39_8-0603,2026-08-21,1265137.15,254722.84,1114259.0,103844.69
2026-08-25,Option Premium Bill (NFO) 06-03-2026,OPTDLY/HPC39_8-0603,2026-08-24,1265137.15,254722.84,1159213.0,148798.69
2026-08-26,Option Premium Bill (NFO) 06-03-2026,OPTDLY/HPC39_8-0603,2026-08-25,1265137.15,254722.84,1061615.0,51200.69
2026-08-27,Option Premium Bill (NFO) 06-03-2026,OPTDLY/HPC39_8-0603,2026-08-26,1265137.15,254722.84,1079107.0,68692.69
2026-08-28,Option Premium Bill (NFO) 06-03-2026,OPTDLY/HPC39_8-0603,2026-08-27,1265137.15,254722.84,1183000.0,172585.69
2026-08-31,Option Premium Bill (NFO) 06-03-2026,OPTDLY/HPC39_8-0603,2026-08-28,1265137.15,254722.84,1150763.0,140348.69
2026-09-01,Option Premium Bill (NFO) 06-03-2026,OPTDLY/HPC39_8-0603,2026-08-31,1265137.15,254722.84,1206406.0,195991.69
2026-09-02,Option Premium Bill (NFO) 06-03-2026,OPTDLY/HPC39_8-0603,2026-09-01,1265137.15,254722.84,1328086.0,317671.69
2026-09-03,Option Premium Bill (NFO) 06-03-2026,OPTDLY/HPC39_8-0603,2026-09-02,1265137.15,254722.84,1392602.0,382187.69
2026-09-04,Option Premium Bill (NFO) 06-03-2026,OPTDLY/HPC39_8-0603,2026-09-03,1265137.15,254722.84,1387236.0,376821.69
2026-09-07,Option Premium Bill (NFO) 06-03-2026,OPTDLY/HPC39_8-0603,2026-09-04,1265137.15,254722.84,1352084.0,341669.69
2026-09-08,Option Premium Bill (NFO) 06-03-2026,OPTDLY/HPC39_8-0603,2026-09-07,1265137.15,254722.84,1486566.0,476151.69
