Date,Narration,Bill No,Value Date,Debit,Credit,Premimum,Net,nifty  29/12/26  26000 pe,390.0
26-09-2024,Option Premium Bill (NFO) 25-09-2024,OPTDLY/HPC39_5-2509,25-09-2024,866136,0,,,,
22-10-2024,Option Premium Bill (NFO) 25-09-2024,OPTDLY/HPC39_5-2509,21-10-2024,866136,0,996525,130389,,20000000.0
23-10-2024,Option Premium Bill (NFO) 25-09-2024,OPTDLY/HPC39_5-2509,22-10-2024,866136,0,1059525,193389,,769.2307692
24-10-2024,Option Premium Bill (NFO) 25-09-2024,OPTDLY/HPC39_5-2509,23-10-2024,866136,0,1053600,187464,,30.76923077
25-10-2024,Option Premium Bill (NFO) 25-09-2024,OPTDLY/HPC39_5-2509,24-10-2024,866136,0,1026607.5,160471.5,,
28-10-2024,Option Premium Bill (NFO) 25-09-2024,OPTDLY/HPC39_5-2509,25-10-2024,866136,0,1087912.5,221776.5,,
29-10-2024,Option Premium Bill (NFO) 25-09-2024,OPTDLY/HPC39_5-2509,28-10-2024,866136,0,1044337.5,178201.5,,
30-10-2024,Option Premium Bill (NFO) 25-09-2024,OPTDLY/HPC39_5-2509,29-10-2024,866136,0,1003200,137064,,
31-10-2024,Option Premium Bill (NFO) 25-09-2024,OPTDLY/HPC39_5-2509,30-10-2024,866136,0,1032487.5,166351.5,,
2024-01-11 00:00:00,Option Premium Bill (NFO) 25-09-2024,OPTDLY/HPC39_5-2509,31-10-2024,866136,0,1065187.5,199051.5,,
2024-04-11 00:00:00,Option Premium Bill (NFO) 25-09-2024,OPTDLY/HPC39_5-2509,2024-01-11 00:00:00,866136,0,1063350,197214,,
2024-05-11 00:00:00,Option Premium Bill (NFO) 25-09-2024,OPTDLY/HPC39_5-2509,2024-04-11 00:00:00,866136,0,1154850,288714,,
2024-06-11 00:00:00,Option Premium Bill (NFO) 25-09-2024,OPTDLY/HPC39_5-2509,2024-05-11 00:00:00,866136,0,1093762.5,227626.5,,
2024-07-11 00:00:00,Option Premium Bill (NFO) 25-09-2024,OPTDLY/HPC39_5-2509,2024-06-11 00:00:00,866136,0,985837.5,119701.5,,
2024-08-11 00:00:00,Option Premium Bill (NFO) 25-09-2024,OPTDLY/HPC39_5-2509,2024-07-11 00:00:00,866136,0,1043625,177489,,
2024-11-11 00:00:00,Option Premium Bill (NFO) 25-09-2024,OPTDLY/HPC39_5-2509,2024-08-11 00:00:00,866136,0,1053300,187164,,
2024-12-11 00:00:00,Option Premium Bill (NFO) 25-09-2024,OPTDLY/HPC39_5-2509,2024-11-11 00:00:00,866136,0,1038562.5,172426.5,,
13-11-2024,Option Premium Bill (NFO) 25-09-2024,OPTDLY/HPC39_5-2509,2024-12-11 00:00:00,866136,0,1132200,266064,,
14-11-2024,Option Premium Bill (NFO) 25-09-2024,OPTDLY/HPC39_5-2509,13-11-2024,866136,0,1215112.5,348976.5,,
18-11-2024,Option Premium Bill (NFO) 25-09-2024,OPTDLY/HPC39_5-2509,14-11-2024,866136,0,1221300,355164,,
19-11-2024,Option Premium Bill (NFO) 25-09-2024,OPTDLY/HPC39_5-2509,18-11-2024,866136,0,1267162.5,401026.5,,
21-11-2024,Option Premium Bill (NFO) 25-09-2024,OPTDLY/HPC39_5-2509,19-11-2024,866136,0,1286400,420264,,
22-11-2024,Option Premium Bill (NFO) 25-09-2024,OPTDLY/HPC39_5-2509,21-11-2024,866136,0,1315200,449064,,
25-11-2024,Option Premium Bill (NFO) 25-09-2024,OPTDLY/HPC39_5-2509,22-11-2024,866136,0,1120725,254589,,
26-11-2024,Option Premium Bill (NFO) 25-09-2024,OPTDLY/HPC39_5-2509,25-11-2024,866136,0,967050,100914,,
27-11-2024,Option Premium Bill (NFO) 25-09-2024,OPTDLY/HPC39_5-2509,26-11-2024,866136,0,981300,115164,,
28-11-2024,Option Premium Bill (NFO) 25-09-2024,OPTDLY/HPC39_5-2509,27-11-2024,866136,0,932512.5,66376.5,,
29-11-2024,Option Premium Bill (NFO) 25-09-2024,OPTDLY/HPC39_5-2509,28-11-2024,866136,0,1046887.5,180751.5,,
2024-02-12 00:00:00,Option Premium Bill (NFO) 25-09-2024,OPTDLY/HPC39_5-2509,29-11-2024,866136,0,989175,123039,,
2024-03-12 00:00:00,Option Premium Bill (NFO) 25-09-2024,OPTDLY/HPC39_5-2509,2024-02-12 00:00:00,866136,0,945225,79089,,
2024-04-12 00:00:00,Option Premium Bill (NFO) 25-09-2024,OPTDLY/HPC39_5-2509,2024-03-12 00:00:00,866136,0,907687.5,41551.5,,
2024-05-12 00:00:00,Option Premium Bill (NFO) 25-09-2024,OPTDLY/HPC39_5-2509,2024-04-12 00:00:00,866136,0,916237.5,50101.5,,
2024-06-12 00:00:00,Option Premium Bill (NFO) 25-09-2024,OPTDLY/HPC39_5-2509,2024-05-12 00:00:00,866136,0,843975,-22161,,
2024-09-12 00:00:00,Option Premium Bill (NFO) 25-09-2024,OPTDLY/HPC39_5-2509,2024-06-12 00:00:00,866136,0,832200,-33936,,
2024-12-10 00:00:00,Option Premium Bill (NFO) 25-09-2024,OPTDLY/HPC39_5-2509,2024-12-09 00:00:00,866136,0,853050,-13086,,
2024-12-11 00:00:00,Option Premium Bill (NFO) 25-09-2024,OPTDLY/HPC39_5-2509,2024-12-10 00:00:00,866136,0,858937.5,-7198.5,,
2024-12-12 00:00:00,Option Premium Bill (NFO) 25-09-2024,OPTDLY/HPC39_5-2509,2024-12-11 00:00:00,866136,0,856162.5,-9973.5,,
2024-12-13 00:00:00,Option Premium Bill (NFO) 25-09-2024,OPTDLY/HPC39_5-2509,2024-12-12 00:00:00,866136,0,868575,2439,,
2024-12-16 00:00:00,Option Premium Bill (NFO) 25-09-2024,OPTDLY/HPC39_5-2509,2024-12-13 00:00:00,866136,0,822900,-43236,,
2024-12-17 00:00:00,Option Premium Bill (NFO) 25-09-2024,OPTDLY/HPC39_5-2509,2024-12-16 00:00:00,866136,0,829612.5,-36523.5,,
2024-12-18 00:00:00,Option Premium Bill (NFO) 25-09-2024,OPTDLY/HPC39_5-2509,2024-12-17 00:00:00,866136,0,905737.5,39601.5,,
2024-12-19 00:00:00,Option Premium Bill (NFO) 25-09-2024,OPTDLY/HPC39_5-2509,2024-12-18 00:00:00,866136,0,966112.5,99976.5,,
2024-12-20 00:00:00,Option Premium Bill (NFO) 25-09-2024,OPTDLY/HPC39_5-2509,2024-12-19 00:00:00,866136,0,1037887.5,171751.5,,
2024-12-23 00:00:00,Option Premium Bill (NFO) 25-09-2024,OPTDLY/HPC39_5-2509,2024-12-20 00:00:00,866136,0,1185375,319239,,
2024-12-24 00:00:00,Option Premium Bill (NFO) 25-09-2024,OPTDLY/HPC39_5-2509,2024-12-23 00:00:00,866136,0,1119487.5,253351.5,,
2024-12-26 00:00:00,Option Premium Bill (NFO) 25-09-2024,OPTDLY/HPC39_5-2509,2024-12-24 00:00:00,866136,0,1117537.5,251401.5,,
2024-12-27 00:00:00,Option Premium Bill (NFO) 25-09-2024,OPTDLY/HPC39_5-2509,2024-12-26 00:00:00,866136,0,1107600,241464,,
2024-12-30 00:00:00,Option Premium Bill (NFO) 25-09-2024,OPTDLY/HPC39_5-2509,2024-12-27 00:00:00,866136,0,1090912.5,224776.5,,
2024-12-31 00:00:00,Option Premium Bill (NFO) 25-09-2024,OPTDLY/HPC39_5-2509,2024-12-30 00:00:00,866136,0,1162987.5,296851.5,,
2025-01-01 00:00:00,Option Premium Bill (NFO) 25-09-2024,OPTDLY/HPC39_5-2509,2024-12-31 00:00:00,866136,0,1147687.5,281551.5,,
2025-01-02 00:00:00,Option Premium Bill (NFO) 25-09-2024,OPTDLY/HPC39_5-2509,2025-01-01 00:00:00,866136,0,1155787.5,289651.5,,
2025-01-03 00:00:00,Option Premium Bill (NFO) 25-09-2024,OPTDLY/HPC39_5-2509,2025-01-02 00:00:00,866136,0,1011900,145764,,
2025-01-06 00:00:00,Option Premium Bill (NFO) 25-09-2024,OPTDLY/HPC39_5-2509,2025-01-03 00:00:00,866136,0,1062787.5,196651.5,,
2025-01-07 00:00:00,Option Premium Bill (NFO) 25-09-2024,OPTDLY/HPC39_5-2509,2025-01-06 00:00:00,866136,0,1230075,363939,,
2025-01-08 00:00:00,Option Premium Bill (NFO) 25-09-2024,OPTDLY/HPC39_5-2509,2025-01-07 00:00:00,866136,0,1230750,364614,,
2025-01-09 00:00:00,Option Premium Bill (NFO) 25-09-2024,OPTDLY/HPC39_5-2509,2025-01-08 00:00:00,866136,0,1209712.5,343576.5,,
2025-01-10 00:00:00,Option Premium Bill (NFO) 25-09-2024,OPTDLY/HPC39_5-2509,2025-01-09 00:00:00,866136,0,1263000,396864,,
2025-01-13 00:00:00,Option Premium Bill (NFO) 25-09-2024,OPTDLY/HPC39_5-2509,2025-01-10 00:00:00,866136,0,1317825,451689,,
2025-01-14 00:00:00,Option Premium Bill (NFO) 25-09-2024,OPTDLY/HPC39_5-2509,2025-01-13 00:00:00,866136,0,1446862.5,580726.5,,
2025-01-15 00:00:00,Option Premium Bill (NFO) 25-09-2024,OPTDLY/HPC39_5-2509,2025-01-14 00:00:00,866136,0,1470225,604089,,
2025-01-16 00:00:00,Option Premium Bill (NFO) 25-09-2024,OPTDLY/HPC39_5-2509,2025-01-15 00:00:00,866136,0,1420087,553951,,
2025-01-17 00:00:00,Option Premium Bill (NFO) 25-09-2024,OPTDLY/HPC39_5-2509,2025-01-16 00:00:00,866136,0,1356825,490689,,
2025-01-20 00:00:00,Option Premium Bill (NFO) 25-09-2024,OPTDLY/HPC39_5-2509,2025-01-17 00:00:00,866136,0,1400662,534526,,
2025-01-21 00:00:00,Option Premium Bill (NFO) 25-09-2024,OPTDLY/HPC39_5-2509,2025-01-20 00:00:00,866136,0,1361212,495076,,
2025-01-22 00:00:00,Option Premium Bill (NFO) 25-09-2024,OPTDLY/HPC39_5-2509,2025-01-21 00:00:00,866136,0,1497787,631651,,
2025-01-23 00:00:00,Option Premium Bill (NFO) 25-09-2024,OPTDLY/HPC39_5-2509,2025-01-22 00:00:00,866136,0,1471500,605364,,
2025-01-24 00:00:00,Option Premium Bill (NFO) 25-09-2024,OPTDLY/HPC39_5-2509,2025-01-23 00:00:00,866136,0,1432500,566364,,
2025-01-27 00:00:00,Option Premium Bill (NFO) 25-09-2024,OPTDLY/HPC39_5-2509,2025-01-24 00:00:00,866136,0,1495275,629139,,
2025-01-28 00:00:00,Option Premium Bill (NFO) 25-09-2024,OPTDLY/HPC39_5-2509,2025-01-27 00:00:00,866136,0,1638975,772839,,
2025-01-29 00:00:00,Option Premium Bill (NFO) 25-09-2024,OPTDLY/HPC39_5-2509,2025-01-28 00:00:00,866136,0,1570725,704589,,
2025-01-30 00:00:00,Option Premium Bill (NFO) 25-09-2024,OPTDLY/HPC39_5-2509,2025-01-29 00:00:00,866136,0,1469887,603751,,
2025-01-31 00:00:00,Option Premium Bill (NFO) 25-09-2024,OPTDLY/HPC39_5-2509,2025-01-30 00:00:00,866136,0,1382437,516301,,
2025-02-01 00:00:00,Option Premium Bill (NFO) 25-09-2024,OPTDLY/HPC39_5-2509,2025-01-31 00:00:00,866136,0,1282875,416739,,
2025-02-03 00:00:00,Option Premium Bill (NFO) 25-09-2024,OPTDLY/HPC39_5-2509,2025-02-01 00:00:00,866136,0,1290412,424276,,
2025-02-04 00:00:00,Option Premium Bill (NFO) 25-09-2024,OPTDLY/HPC39_5-2509,2025-02-03 00:00:00,866136,0,1341975,475839,,
2025-02-05 00:00:00,Option Premium Bill (NFO) 25-09-2024,OPTDLY/HPC39_5-2509,2025-02-04 00:00:00,866136,0,1209675,343539,,
2025-02-06 00:00:00,Option Premium Bill (NFO) 25-09-2024,OPTDLY/HPC39_5-2509,2025-02-05 00:00:00,866136,0,1202250,336114,,
2025-02-07 00:00:00,Option Premium Bill (NFO) 25-09-2024,OPTDLY/HPC39_5-2509,2025-02-06 00:00:00,866136,0,1248787,382651,,
2025-02-10 00:00:00,Option Premium Bill (NFO) 25-09-2024,OPTDLY/HPC39_5-2509,2025-02-07 00:00:00,866136,0,1332037,465901,,
2025-02-11 00:00:00,Option Premium Bill (NFO) 25-09-2024,OPTDLY/HPC39_5-2509,2025-02-10 00:00:00,866136,0,1368375,502239,,
2025-02-12 00:00:00,Option Premium Bill (NFO) 25-09-2024,OPTDLY/HPC39_5-2509,2025-02-11 00:00:00,866136,0,1513800,647664,,
2025-02-13 00:00:00,Option Premium Bill (NFO) 25-09-2024,OPTDLY/HPC39_5-2509,2025-02-12 00:00:00,866136,0,1512375,646239,,
2025-02-14 00:00:00,Option Premium Bill (NFO) 25-09-2024,OPTDLY/HPC39_5-2509,2025-02-13 00:00:00,866136,0,1504612,638476,,
2025-02-17 00:00:00,Option Premium Bill (NFO) 25-09-2024,OPTDLY/HPC39_5-2509,2025-02-14 00:00:00,866136,0,1541812,675676,,
2025-02-18 00:00:00,Option Premium Bill (NFO) 25-09-2024,OPTDLY/HPC39_5-2509,2025-02-17 00:00:00,866136,0,1524637,658501,,
2025-02-19 00:00:00,Option Premium Bill (NFO) 25-09-2024,OPTDLY/HPC39_5-2509,2025-02-18 00:00:00,866136,0,1571175,705039,,
2025-02-20 00:00:00,Option Premium Bill (NFO) 25-09-2024,OPTDLY/HPC39_5-2509,2025-02-19 00:00:00,866136,0,1545487,679351,,
2025-02-21 00:00:00,Option Premium Bill (NFO) 25-09-2024,OPTDLY/HPC39_5-2509,2025-02-20 00:00:00,866136,0,1556100,689964,,
2025-02-24 00:00:00,Option Premium Bill (NFO) 25-09-2024,OPTDLY/HPC39_5-2509,2025-02-21 00:00:00,866136,0,1621725,755589,,
2025-02-25 00:00:00,Option Premium Bill (NFO) 25-09-2024,OPTDLY/HPC39_5-2509,2025-02-24 00:00:00,866136,0,1725375,859239,,
2025-02-27 00:00:00,Option Premium Bill (NFO) 25-09-2024,OPTDLY/HPC39_5-2509,2025-02-25 00:00:00,866136,0,1734150,868014,,
2025-02-28 00:00:00,Option Premium Bill (NFO) 25-09-2024,OPTDLY/HPC39_5-2509,2025-02-27 00:00:00,866136,0,1735687,869551,,
2025-03-03 00:00:00,Option Premium Bill (NFO) 25-09-2024,OPTDLY/HPC39_5-2509,2025-02-28 00:00:00,866136,0,1966725,1100589,,
2025-03-04 00:00:00,Option Premium Bill (NFO) 25-09-2024,OPTDLY/HPC39_5-2509,2025-03-03 00:00:00,866136,0,1947712,1081576,,
2025-03-05 00:00:00,Option Premium Bill (NFO) 25-09-2024,OPTDLY/HPC39_5-2509,2025-03-04 00:00:00,866136,0,1984912,1118776,,
2025-03-06 00:00:00,Option Premium Bill (NFO) 25-09-2024,OPTDLY/HPC39_5-2509,2025-03-05 00:00:00,866136,0,1837275,971139,,
2025-03-07 00:00:00,Option Premium Bill (NFO) 25-09-2024,OPTDLY/HPC39_5-2509,2025-03-06 00:00:00,866136,0,1753012.5,886876.5,,
2025-03-10 00:00:00,Option Premium Bill (NFO) 25-09-2024,OPTDLY/HPC39_5-2509,2025-03-07 00:00:00,866136,0,1729875,863739,,
2025-03-11 00:00:00,Option Premium Bill (NFO) 25-09-2024,OPTDLY/HPC39_5-2509,2025-03-10 00:00:00,866136,0,1794150,928014,,
2025-03-12 00:00:00,Option Premium Bill (NFO) 25-09-2024,OPTDLY/HPC39_5-2509,2025-03-11 00:00:00,866136,0,1774275,908139,,
2025-03-13 00:00:00,Option Premium Bill (NFO) 25-09-2024,OPTDLY/HPC39_5-2509,2025-03-12 00:00:00,866136,0,1802100,935964,,
2025-03-17 00:00:00,Option Premium Bill (NFO) 25-09-2024,OPTDLY/HPC39_5-2509,2025-03-13 00:00:00,866136,0,1839900,973764,,
2025-03-18 00:00:00,Option Premium Bill (NFO) 25-09-2024,OPTDLY/HPC39_5-2509,2025-03-17 00:00:00,866136,0,1753875,887739,,
2025-03-19 00:00:00,Option Premium Bill (NFO) 25-09-2024,OPTDLY/HPC39_5-2509,2025-03-18 00:00:00,866136,0,1585500,719364,,
2025-03-20 00:00:00,Option Premium Bill (NFO) 25-09-2024,OPTDLY/HPC39_5-2509,2025-03-19 00:00:00,866136,0,1541737,675601,,
2025-03-21 00:00:00,Option Premium Bill (NFO) 25-09-2024,OPTDLY/HPC39_5-2509,2025-03-20 00:00:00,866136,0,1416825,550689,,
2025-03-24 00:00:00,Option Premium Bill (NFO) 25-09-2024,OPTDLY/HPC39_5-2509,2025-03-21 00:00:00,866136,0,1297162.5,431026.5,,
2025-03-25 00:00:00,Option Premium Bill (NFO) 25-09-2024,OPTDLY/HPC39_5-2509,2025-03-24 00:00:00,866136,0,1163137,297001,,
2025-03-26 00:00:00,Option Premium Bill (NFO) 25-09-2024,OPTDLY/HPC39_5-2509,2025-03-25 00:00:00,866136,0,1173975,307839,,
2025-03-27 00:00:00,Option Premium Bill (NFO) 25-09-2024,OPTDLY/HPC39_5-2509,2025-03-26 00:00:00,866136,0,1249612,383476,,
2025-03-28 00:00:00,Option Premium Bill (NFO) 25-09-2024,OPTDLY/HPC39_5-2509,2025-03-27 00:00:00,866136,0,1212262,346126,,
2025-04-01 00:00:00,Option Premium Bill (NFO) 25-09-2024,OPTDLY/HPC39_5-2509,2025-03-28 00:00:00,866136,0,1304887,438751,,
2025-04-02 00:00:00,Option Premium Bill (NFO) 25-09-2024,OPTDLY/HPC39_5-2509,2025-04-01 00:00:00,866136,0,1449712,583576,,
2025-04-03 00:00:00,Option Premium Bill (NFO) 25-09-2024,OPTDLY/HPC39_5-2509,2025-04-02 00:00:00,866136,0,1403925,537789,,
2025-04-04 00:00:00,Option Premium Bill (NFO) 25-09-2024,OPTDLY/HPC39_5-2509,2025-04-03 00:00:00,866136,0,1448512,582376,,
2025-04-07 00:00:00,Option Premium Bill (NFO) 25-09-2024,OPTDLY/HPC39_5-2509,2025-04-04 00:00:00,866136,0,1668487,802351,,
2025-04-08 00:00:00,Option Premium Bill (NFO) 25-09-2024,OPTDLY/HPC39_5-2509,2025-04-07 00:00:00,866136,0,2119537,1253401,,
2025-04-09 00:00:00,Option Premium Bill (NFO) 25-09-2024,OPTDLY/HPC39_5-2509,2025-04-08 00:00:00,866136,0,1886775,1020639,,
2025-04-11 00:00:00,Option Premium Bill (NFO) 25-09-2024,OPTDLY/HPC39_5-2509,2025-04-09 00:00:00,866136,0,2010675,1144539,,
2025-04-15 00:00:00,Option Premium Bill (NFO) 25-09-2024,OPTDLY/HPC39_5-2509,2025-04-11 00:00:00,866136,0,1765987,899851,,
2025-04-16 00:00:00,Option Premium Bill (NFO) 25-09-2024,OPTDLY/HPC39_5-2509,2025-04-15 00:00:00,866136,0,1479262,613126,,
2025-04-17 00:00:00,Option Premium Bill (NFO) 25-09-2024,OPTDLY/HPC39_5-2509,2025-04-16 00:00:00,866136,0,1438612,572476,,
2025-04-21 00:00:00,Option Premium Bill (NFO) 25-09-2024,OPTDLY/HPC39_5-2509,2025-04-17 00:00:00,866136,0,1260375,394239,,
2025-04-22 00:00:00,Option Premium Bill (NFO) 25-09-2024,OPTDLY/HPC39_5-2509,2025-04-21 00:00:00,866136,0,1132950,266814,,
2025-04-23 00:00:00,Option Premium Bill (NFO) 25-09-2024,OPTDLY/HPC39_5-2509,2025-04-22 00:00:00,866136,0,1117800,251664,,
2025-04-24 00:00:00,Option Premium Bill (NFO) 25-09-2024,OPTDLY/HPC39_5-2509,2025-04-23 00:00:00,866136,0,1041712,175576,,
2025-04-25 00:00:00,Option Premium Bill (NFO) 25-09-2024,OPTDLY/HPC39_5-2509,2025-04-24 00:00:00,866136,0,1063425,197289,,
2025-04-28 00:00:00,Option Premium Bill (NFO) 25-09-2024,OPTDLY/HPC39_5-2509,2025-04-25 00:00:00,866136,0,1173037,306901,,
2025-04-29 00:00:00,Option Premium Bill (NFO) 25-09-2024,OPTDLY/HPC39_5-2509,2025-04-28 00:00:00,866136,0,1035300,169164,,
2025-04-30 00:00:00,Option Premium Bill (NFO) 25-09-2024,OPTDLY/HPC39_5-2509,2025-04-29 00:00:00,866136,0,1020112,153976,,
2025-05-02 00:00:00,Option Premium Bill (NFO) 25-09-2024,OPTDLY/HPC39_5-2509,2025-04-30 00:00:00,866136,0,1044337,178201,,
2025-05-05 00:00:00,Option Premium Bill (NFO) 25-09-2024,OPTDLY/HPC39_5-2509,2025-05-02 00:00:00,866136,0,1046962,180826,,
2025-05-06 00:00:00,Option Premium Bill (NFO) 25-09-2024,OPTDLY/HPC39_5-2509,2025-05-05 00:00:00,866136,0,985837,119701,,
2025-05-07 00:00:00,Option Premium Bill (NFO) 25-09-2024,OPTDLY/HPC39_5-2509,2025-05-06 00:00:00,866136,0,1056975,190839,,
2025-05-08 00:00:00,Option Premium Bill (NFO) 25-09-2024,OPTDLY/HPC39_5-2509,2025-05-07 00:00:00,866136,0,1023600,157464,,
2025-05-09 00:00:00,Option Premium Bill (NFO) 25-09-2024,OPTDLY/HPC39_5-2509,2025-05-08 00:00:00,866136,0,1127625,261489,,
2025-05-12 00:00:00,Option Premium Bill (NFO) 25-09-2024,OPTDLY/HPC39_5-2509,2025-05-09 00:00:00,866136,0,1196250,330114,,
2025-05-13 00:00:00,Option Premium Bill (NFO) 25-09-2024,OPTDLY/HPC39_5-2509,2025-05-12 00:00:00,866136,0,803512,-62624,,
2025-05-14 00:00:00,Option Premium Bill (NFO) 25-09-2024,OPTDLY/HPC39_5-2509,2025-05-13 00:00:00,866136,0,925087,58951,,
2025-05-15 00:00:00,Option Premium Bill (NFO) 25-09-2024,OPTDLY/HPC39_5-2509,2025-05-14 00:00:00,866136,0,889950,23814,,
2025-05-16 00:00:00,Option Premium Bill (NFO) 25-09-2024,OPTDLY/HPC39_5-2509,2025-05-15 00:00:00,866136,0,761962,-104174,,
2025-05-19 00:00:00,Option Premium Bill (NFO) 25-09-2024,OPTDLY/HPC39_5-2509,2025-05-16 00:00:00,866136,0,755512,-110624,,
2025-05-20 00:00:00,Option Premium Bill (NFO) 25-09-2024,OPTDLY/HPC39_5-2509,2025-05-19 00:00:00,866136,0,801750,-64386,,
2025-05-21 00:00:00,Option Premium Bill (NFO) 25-09-2024,OPTDLY/HPC39_5-2509,2025-05-20 00:00:00,866136,0,869812,3676,,
2025-05-22 00:00:00,Option Premium Bill (NFO) 25-09-2024,OPTDLY/HPC39_5-2509,2025-05-21 00:00:00,866136,0,862987,-3149,,
2025-05-23 00:00:00,Option Premium Bill (NFO) 25-09-2024,OPTDLY/HPC39_5-2509,2025-05-22 00:00:00,866136,0,919162,53026,,
2025-05-26 00:00:00,Option Premium Bill (NFO) 25-09-2024,OPTDLY/HPC39_5-2509,2025-05-23 00:00:00,866136,0,853050,-13086,,
2025-05-27 00:00:00,Option Premium Bill (NFO) 25-09-2024,OPTDLY/HPC39_5-2509,2025-05-26 00:00:00,866136,0,813900,-52236,,
2025-05-28 00:00:00,Option Premium Bill (NFO) 25-09-2024,OPTDLY/HPC39_5-2509,2025-05-27 00:00:00,866136,0,867562,1426,,
2025-05-29 00:00:00,Option Premium Bill (NFO) 25-09-2024,OPTDLY/HPC39_5-2509,2025-05-28 00:00:00,866136,0,890550,24414,,
2025-05-30 00:00:00,Option Premium Bill (NFO) 25-09-2024,OPTDLY/HPC39_5-2509,2025-05-29 00:00:00,866136,0,856237,-9899,,
2025-06-02 00:00:00,Option Premium Bill (NFO) 25-09-2024,OPTDLY/HPC39_5-2509,2025-05-30 00:00:00,866136,0,887587,21451,,
2025-06-03 00:00:00,Option Premium Bill (NFO) 25-09-2024,OPTDLY/HPC39_5-2509,2025-06-02 00:00:00,866136,0,920662,54526,,
2025-06-04 00:00:00,Option Premium Bill (NFO) 25-09-2024,OPTDLY/HPC39_5-2509,2025-06-03 00:00:00,866136,0,959362.5,93226.5,,
2025-06-05 00:00:00,Option Premium Bill (NFO) 25-09-2024,OPTDLY/HPC39_5-2509,2025-06-04 00:00:00,866136,0,938475,72339,,
2025-06-06 00:00:00,Option Premium Bill (NFO) 25-09-2024,OPTDLY/HPC39_5-2509,2025-06-05 00:00:00,866136,0,880725,14589,,
2025-06-09 00:00:00,Option Premium Bill (NFO) 25-09-2024,OPTDLY/HPC39_5-2509,2025-06-06 00:00:00,866136,0,793725,-72411,,
2025-06-10 00:00:00,Option Premium Bill (NFO) 25-09-2024,OPTDLY/HPC39_5-2509,2025-06-09 00:00:00,866136,0,758512,-107624,,
2025-06-11 00:00:00,Option Premium Bill (NFO) 25-09-2024,OPTDLY/HPC39_5-2509,2025-06-10 00:00:00,866136,0,762787,-103349,,
2025-06-12 00:00:00,Option Premium Bill (NFO) 25-09-2024,OPTDLY/HPC39_5-2509,2025-06-11 00:00:00,866136,0,739987,-126149,,
2025-06-13 00:00:00,Option Premium Bill (NFO) 25-09-2024,OPTDLY/HPC39_5-2509,2025-06-12 00:00:00,866136,0,844350,-21786,,
2025-06-16 00:00:00,Option Premium Bill (NFO) 25-09-2024,OPTDLY/HPC39_5-2509,2025-06-13 00:00:00,866136,0,924450,58314,,
2025-06-17 00:00:00,Option Premium Bill (NFO) 25-09-2024,OPTDLY/HPC39_5-2509,2025-06-16 00:00:00,866136,0,818625,-47511,,
2025-06-18 00:00:00,Option Premium Bill (NFO) 25-09-2024,OPTDLY/HPC39_5-2509,2025-06-17 00:00:00,866136,0,864637,-1499,,
2025-06-19 00:00:00,Option Premium Bill (NFO) 25-09-2024,OPTDLY/HPC39_5-2509,2025-06-18 00:00:00,866136,0,881662,15526,,
2025-06-20 00:00:00,Option Premium Bill (NFO) 25-09-2024,OPTDLY/HPC39_5-2509,2025-06-19 00:00:00,866136,0,885112,18976,,
2025-06-23 00:00:00,Option Premium Bill (NFO) 25-09-2024,OPTDLY/HPC39_5-2509,2025-06-20 00:00:00,866136,0,773062,-93074,,
2025-06-24 00:00:00,Option Premium Bill (NFO) 25-09-2024,OPTDLY/HPC39_5-2509,2025-06-23 00:00:00,866136,0,804150,-61986,,
2025-06-25 00:00:00,Option Premium Bill (NFO) 25-09-2024,OPTDLY/HPC39_5-2509,2025-06-24 00:00:00,866136,0,756037,-110099,,
2025-06-26 00:00:00,Option Premium Bill (NFO) 25-09-2024,OPTDLY/HPC39_5-2509,2025-06-25 00:00:00,866136,0,696750,-169386,,
2025-06-27 00:00:00,Option Premium Bill (NFO) 25-09-2024,OPTDLY/HPC39_5-2509,2025-06-26 00:00:00,866136,0,601275,-264861,,
2025-06-30 00:00:00,Option Premium Bill (NFO) 25-09-2024,OPTDLY/HPC39_5-2509,2025-06-27 00:00:00,866136,0,552000,-314136,,
2025-07-01 00:00:00,Option Premium Bill (NFO) 25-09-2024,OPTDLY/HPC39_5-2509,2025-06-30 00:00:00,866136,0,590287,-275849,,
2025-07-02 00:00:00,Option Premium Bill (NFO) 25-09-2024,OPTDLY/HPC39_5-2509,2025-07-01 00:00:00,866136,0,573375,-292761,,
2025-07-03 00:00:00,Option Premium Bill (NFO) 25-09-2024,OPTDLY/HPC39_5-2509,2025-07-02 00:00:00,866136,0,596437.5,-269698.5,,
2025-07-04 00:00:00,Option Premium Bill (NFO) 25-09-2024,OPTDLY/HPC39_5-2509,2025-07-03 00:00:00,866136,0,607800,-258336,,
2025-07-07 00:00:00,Option Premium Bill (NFO) 25-09-2024,OPTDLY/HPC39_5-2509,2025-07-04 00:00:00,866136,0,588787,-277349,,
2025-07-08 00:00:00,Option Premium Bill (NFO) 25-09-2024,OPTDLY/HPC39_5-2509,2025-07-07 00:00:00,866136,0,586275,-279861,,
2025-07-09 00:00:00,Option Premium Bill (NFO) 25-09-2024,OPTDLY/HPC39_5-2509,2025-07-08 00:00:00,866136,0,555600,-310536,,
2025-07-10 00:00:00,Option Premium Bill (NFO) 25-09-2024,OPTDLY/HPC39_5-2509,2025-07-09 00:00:00,866136,0,562237,-303899,,
2025-07-11 00:00:00,Option Premium Bill (NFO) 25-09-2024,OPTDLY/HPC39_5-2509,2025-07-10 00:00:00,866136,0,590100,-276036,,
2025-07-14 00:00:00,Option Premium Bill (NFO) 25-09-2024,OPTDLY/HPC39_5-2509,2025-07-11 00:00:00,866136,0,655200,-210936,,
2025-07-15 00:00:00,Option Premium Bill (NFO) 25-09-2024,OPTDLY/HPC39_5-2509,2025-07-14 00:00:00,866136,0,662962,-203174,,
2025-07-16 00:00:00,Option Premium Bill (NFO) 25-09-2024,OPTDLY/HPC39_5-2509,2025-07-15 00:00:00,866136,0,625125,-241011,,
2025-07-17 00:00:00,Option Premium Bill (NFO) 25-09-2024,OPTDLY/HPC39_5-2509,2025-07-16 00:00:00,866136,0,613387,-252749,,
2025-07-18 00:00:00,Option Premium Bill (NFO) 25-09-2024,OPTDLY/HPC39_5-2509,2025-07-17 00:00:00,866136,0,630412,-235724,,
2025-07-21 00:00:00,Option Premium Bill (NFO) 25-09-2024,OPTDLY/HPC39_5-2509,2025-07-18 00:00:00,866136,0,690600,-175536,,
2025-07-22 00:00:00,Option Premium Bill (NFO) 25-09-2024,OPTDLY/HPC39_5-2509,2025-07-21 00:00:00,866136,0,642487,-223649,,
2025-07-23 00:00:00,Option Premium Bill (NFO) 25-09-2024,OPTDLY/HPC39_5-2509,2025-07-22 00:00:00,866136,0,638700,-227436,,
2025-07-24 00:00:00,Option Premium Bill (NFO) 25-09-2024,OPTDLY/HPC39_5-2509,2025-07-23 00:00:00,866136,0,574350,-291786,,
2025-07-25 00:00:00,Option Premium Bill (NFO) 25-09-2024,OPTDLY/HPC39_5-2509,2025-07-24 00:00:00,866136,0,633375,-232761,,
2025-07-28 00:00:00,Option Premium Bill (NFO) 25-09-2024,OPTDLY/HPC39_5-2509,2025-07-25 00:00:00,866136,0,738450,-127686,,
2025-07-29 00:00:00,Option Premium Bill (NFO) 25-09-2024,OPTDLY/HPC39_5-2509,2025-07-28 00:00:00,866136,0,808950,-57186,,
2025-07-30 00:00:00,Option Premium Bill (NFO) 25-09-2024,OPTDLY/HPC39_5-2509,2025-07-29 00:00:00,866136,0,746662,-119474,,
2025-07-31 00:00:00,Option Premium Bill (NFO) 25-09-2024,OPTDLY/HPC39_5-2509,2025-07-30 00:00:00,866136,0,730987,-135149,,
2025-08-01 00:00:00,Option Premium Bill (NFO) 25-09-2024,OPTDLY/HPC39_5-2509,2025-07-31 00:00:00,866136,0,767437,-98699,,
2025-08-04 00:00:00,Option Premium Bill (NFO) 25-09-2024,OPTDLY/HPC39_5-2509,2025-08-01 00:00:00,866136,0,880500,14364,,
2025-08-05 00:00:00,Option Premium Bill (NFO) 25-09-2024,OPTDLY/HPC39_5-2509,2025-08-04 00:00:00,866136,0,806400,-59736,,
2025-08-06 00:00:00,Option Premium Bill (NFO) 25-09-2024,OPTDLY/HPC39_5-2509,2025-08-05 00:00:00,866136,0,839850,-26286,,
2025-08-07 00:00:00,Option Premium Bill (NFO) 25-09-2024,OPTDLY/HPC39_5-2509,2025-08-06 00:00:00,866136,0,885300,19164,,
2025-08-08 00:00:00,Option Premium Bill (NFO) 25-09-2024,OPTDLY/HPC39_5-2509,2025-08-07 00:00:00,866136,0,849900,-16236,,
2025-08-11 00:00:00,Option Premium Bill (NFO) 25-09-2024,OPTDLY/HPC39_5-2509,2025-08-08 00:00:00,866136,0,969562,103426,,
2025-08-12 00:00:00,Option Premium Bill (NFO) 25-09-2024,OPTDLY/HPC39_5-2509,2025-08-11 00:00:00,866136,0,881175,15039,,
2025-08-13 00:00:00,Option Premium Bill (NFO) 25-09-2024,OPTDLY/HPC39_5-2509,2025-08-12 00:00:00,866136,0,914400,48264,,
2025-08-14 00:00:00,Option Premium Bill (NFO) 25-09-2024,OPTDLY/HPC39_5-2509,2025-08-13 00:00:00,866136,0,833625,-32511,,
2025-08-18 00:00:00,Option Premium Bill (NFO) 25-09-2024,OPTDLY/HPC39_5-2509,2025-08-14 00:00:00,866136,0,851512,-14624,,
2025-08-19 00:00:00,Option Premium Bill (NFO) 25-09-2024,OPTDLY/HPC39_5-2509,2025-08-18 00:00:00,866136,0,710175,-155961,,
2025-08-20 00:00:00,Option Premium Bill (NFO) 25-09-2024,OPTDLY/HPC39_5-2509,2025-08-19 00:00:00,866136,0,675225,-190911,,
2025-08-21 00:00:00,Option Premium Bill (NFO) 25-09-2024,OPTDLY/HPC39_5-2509,2025-08-20 00:00:00,866136,0,646462,-219674,,
2025-08-22 00:00:00,Option Premium Bill (NFO) 25-09-2024,OPTDLY/HPC39_5-2509,2025-08-21 00:00:00,866136,0,622275,-243861,,
2025-08-25 00:00:00,Option Premium Bill (NFO) 25-09-2024,OPTDLY/HPC39_5-2509,2025-08-22 00:00:00,866136,0,726862,-139274,,
2025-08-26 00:00:00,Option Premium Bill (NFO) 25-09-2024,OPTDLY/HPC39_5-2509,2025-08-25 00:00:00,866136,0,677962,-188174,,
2025-08-28 00:00:00,Option Premium Bill (NFO) 25-09-2024,OPTDLY/HPC39_5-2509,2025-08-26 00:00:00,866136,0,807787,-58349,,
2025-08-29 00:00:00,Option Premium Bill (NFO) 25-09-2024,OPTDLY/HPC39_5-2509,2025-08-28 00:00:00,866136,0,915300,49164,,
2025-09-01 00:00:00,Option Premium Bill (NFO) 25-09-2024,OPTDLY/HPC39_5-2509,2025-08-29 00:00:00,866136,0,960900,94764,,
2025-09-02 00:00:00,Option Premium Bill (NFO) 25-09-2024,OPTDLY/HPC39_5-2509,2025-09-01 00:00:00,866136,0,840562,-25574,,
2025-09-03 00:00:00,Option Premium Bill (NFO) 25-09-2024,OPTDLY/HPC39_5-2509,2025-09-02 00:00:00,866136,0,871537.5,5401.5,,
2025-09-04 00:00:00,Option Premium Bill (NFO) 25-09-2024,OPTDLY/HPC39_5-2509,2025-09-03 00:00:00,866136,0,804112.5,-62023.5,,
2025-09-09 00:00:00,Option Premium Bill (NFO) 25-09-2024,OPTDLY/HPC39_5-2509,2025-09-04 00:00:00,866136,0,794700,-71436,,
2025-09-09 00:00:00,Option Premium Bill (NFO) 25-09-2024,OPTDLY/HPC39_5-2509,2025-09-05 00:00:00,866136,0,776700,-89436,,
2025-09-09 00:00:00,Option Premium Bill (NFO) 25-09-2024,OPTDLY/HPC39_5-2509,2025-09-08 00:00:00,866136,0,749212,-116924,,
2025-09-10 00:00:00,Option Premium Bill (NFO) 25-09-2024,OPTDLY/HPC39_5-2509,2025-09-09 00:00:00,866136,0,713212,-152924,,
2025-09-11 00:00:00,Option Premium Bill (NFO) 25-09-2024,OPTDLY/HPC39_5-2509,2025-09-10 00:00:00,866136,0,649987,-216149,,
2025-09-12 00:00:00,Option Premium Bill (NFO) 25-09-2024,OPTDLY/HPC39_5-2509,2025-09-11 00:00:00,866136,0,630675,-235461,,
2025-09-15 00:00:00,Option Premium Bill (NFO) 25-09-2024,OPTDLY/HPC39_5-2509,2025-09-12 00:00:00,866136,0,580687,-285449,,
2025-09-16 00:00:00,Option Premium Bill (NFO) 25-09-2024,OPTDLY/HPC39_5-2509,2025-09-15 00:00:00,866136,0,597375,-268761,,
2025-09-17 00:00:00,Option Premium Bill (NFO) 25-09-2024,OPTDLY/HPC39_5-2509,2025-09-16 00:00:00,866136,0,514875,-351261,,
2025-09-18 00:00:00,Option Premium Bill (NFO) 25-09-2024,OPTDLY/HPC39_5-2509,2025-09-17 00:00:00,866136,0,479475,-386661,,
2025-09-19 00:00:00,Option Premium Bill (NFO) 25-09-2024,OPTDLY/HPC39_5-2509,2025-09-18 00:00:00,866136,0,438075,-428061,,
2025-09-22 00:00:00,Option Premium Bill (NFO) 25-09-2024,OPTDLY/HPC39_5-2509,2025-09-19 00:00:00,866136,0,482737,-383399,,
2025-09-23 00:00:00,Option Premium Bill (NFO) 25-09-2024,OPTDLY/HPC39_5-2509,2025-09-22 00:00:00,866136,0,537187,-328949,,
2025-09-24 00:00:00,Option Premium Bill (NFO) 25-09-2024,OPTDLY/HPC39_5-2509,2025-09-23 00:00:00,866136,0,537600,-328536,,
2025-09-25 00:00:00,Option Premium Bill (NFO) 25-09-2024,OPTDLY/HPC39_5-2509,2025-09-24 00:00:00,866136,0,594225,-271911,,
2025-09-26 00:00:00,Option Premium Bill (NFO) 25-09-2024,OPTDLY/HPC39_5-2509,2025-09-25 00:00:00,866136,0,659400,-206736,,
2025-09-29 00:00:00,Option Premium Bill (NFO) 25-09-2024,OPTDLY/HPC39_5-2509,2025-09-26 00:00:00,866136,0,810150,-55986,,
2025-09-30 00:00:00,Option Premium Bill (NFO) 25-09-2024,OPTDLY/HPC39_5-2509,2025-09-29 00:00:00,866136,0,806287,-59849,,
2025-10-01 00:00:00,Option Premium Bill (NFO) 25-09-2024,OPTDLY/HPC39_5-2509,2025-09-30 00:00:00,866136,0,816862,-49274,,
2025-10-03 00:00:00,Option Premium Bill (NFO) 25-09-2024,OPTDLY/HPC39_5-2509,2025-10-01 00:00:00,866136,0,708675,-157461,,
2025-10-06 00:00:00,Option Premium Bill (NFO) 25-09-2024,OPTDLY/HPC39_5-2509,2025-10-03 00:00:00,866136,0,677437,-188699,,
2025-10-07 00:00:00,Option Premium Bill (NFO) 25-09-2024,OPTDLY/HPC39_5-2509,2025-10-06 00:00:00,866136,0,579525,-286611,,
2025-10-08 00:00:00,Option Premium Bill (NFO) 25-09-2024,OPTDLY/HPC39_5-2509,2025-10-07 00:00:00,866136,0,555487,-310649,,
2025-10-09 00:00:00,Option Premium Bill (NFO) 25-09-2024,OPTDLY/HPC39_5-2509,2025-10-08 00:00:00,866136,0,612637,-253499,,
2025-10-10 00:00:00,Option Premium Bill (NFO) 25-09-2024,OPTDLY/HPC39_5-2509,2025-10-09 00:00:00,866136,0,535875,-330261,,
2025-10-13 00:00:00,Option Premium Bill (NFO) 25-09-2024,OPTDLY/HPC39_5-2509,2025-10-10 00:00:00,866136,0,470850,-395286,,
2025-10-14 00:00:00,Option Premium Bill (NFO) 25-09-2024,OPTDLY/HPC39_5-2509,2025-10-13 00:00:00,866136,0,515662,-350474,,
2025-10-15 00:00:00,Option Premium Bill (NFO) 25-09-2024,OPTDLY/HPC39_5-2509,2025-10-14 00:00:00,866136,0,566400,-299736,,
2025-10-16 00:00:00,Option Premium Bill (NFO) 25-09-2024,OPTDLY/HPC39_5-2509,2025-10-15 00:00:00,866136,0,458175,-407961,,
2025-10-17 00:00:00,Option Premium Bill (NFO) 25-09-2024,OPTDLY/HPC39_5-2509,2025-10-16 00:00:00,866136,151121,227070,-487945,,
2025-10-20 00:00:00,Option Premium Bill (NFO) 25-09-2024,OPTDLY/HPC39_5-2509,2025-10-17 00:00:00,866136,151121,218407,-496608,,
2025-10-23 00:00:00,Option Premium Bill (NFO) 25-09-2024,OPTDLY/HPC39_5-2509,2025-10-20 00:00:00,866136,151121,177660,-537355,,
2025-10-23 00:00:00,Option Premium Bill (NFO) 25-09-2024,OPTDLY/HPC39_5-2509,2025-10-21 00:00:00,866136,151121,177052,-537963,,
2025-10-24 00:00:00,Option Premium Bill (NFO) 25-09-2024,OPTDLY/HPC39_5-2509,2025-10-23 00:00:00,866136,151121,163642,-551373,,
2025-10-27 00:00:00,Option Premium Bill (NFO) 25-09-2024,OPTDLY/HPC39_5-2509,2025-10-24 00:00:00,866136,151121,189067.5,-525947.5,,
2025-10-28 00:00:00,Option Premium Bill (NFO) 25-09-2024,OPTDLY/HPC39_5-2509,2025-10-27 00:00:00,866136,151121,149265,-565750,,
2025-10-29 00:00:00,Option Premium Bill (NFO) 25-09-2024,OPTDLY/HPC39_5-2509,2025-10-28 00:00:00,866136,151121,159795,-555220,,
2025-10-30 00:00:00,Option Premium Bill (NFO) 25-09-2024,OPTDLY/HPC39_5-2509,2025-10-29 00:00:00,866136,151121,134212,-580803,,
2025-10-31 00:00:00,Option Premium Bill (NFO) 25-09-2024,OPTDLY/HPC39_5-2509,2025-10-30 00:00:00,866136,151121,162900,-552115,,
2025-11-03 00:00:00,Option Premium Bill (NFO) 25-09-2024,OPTDLY/HPC39_5-2509,2025-10-31 00:00:00,866136,151121,183667,-531348,,
2025-11-04 00:00:00,Option Premium Bill (NFO) 25-09-2024,OPTDLY/HPC39_5-2509,2025-11-03 00:00:00,866136,151121,183622,-531393,,
2025-11-06 00:00:00,Option Premium Bill (NFO) 25-09-2024,OPTDLY/HPC39_5-2509,2025-11-04 00:00:00,866136,151121,219847,-495168,,
2025-11-07 00:00:00,Option Premium Bill (NFO) 06-11-2025,OPTDLY/HPC39_5-0611,2025-11-06 00:00:00,897940.98,151121,258885,-487934.98,,
2025-11-10 00:00:00,Option Premium Bill (NFO) 06-11-2025,OPTDLY/HPC39_5-0611,2025-11-07 00:00:00,897940.98,151121,267210,-479609.98,,
2025-11-11 00:00:00,Option Premium Bill (NFO) 06-11-2025,OPTDLY/HPC39_5-0611,2025-11-10 00:00:00,897940.98,151121,248782,-498037.98,,
2025-11-12 00:00:00,Option Premium Bill (NFO) 06-11-2025,OPTDLY/HPC39_5-0611,2025-11-11 00:00:00,897940.98,151121,232627,-514192.98,,
2025-11-13 00:00:00,Option Premium Bill (NFO) 06-11-2025,OPTDLY/HPC39_5-0611,2025-11-12 00:00:00,897940.98,151121,204682,-542137.98,,
2025-11-14 00:00:00,Option Premium Bill (NFO) 06-11-2025,OPTDLY/HPC39_5-0611,2025-11-13 00:00:00,897940.98,151121,209947,-536872.98,,
2025-11-17 00:00:00,Option Premium Bill (NFO) 06-11-2025,OPTDLY/HPC39_5-0611,2025-11-14 00:00:00,897940.98,151121,208890,-537929.98,,
2025-11-18 00:00:00,Option Premium Bill (NFO) 06-11-2025,OPTDLY/HPC39_5-0611,2025-11-17 00:00:00,897940.98,151121,192645,-554174.98,,
2025-11-19 00:00:00,Option Premium Bill (NFO) 06-11-2025,OPTDLY/HPC39_5-0611,2025-11-18 00:00:00,897940.98,151121,207585,-539234.98,,
2025-11-20 00:00:00,Option Premium Bill (NFO) 06-11-2025,OPTDLY/HPC39_5-0611,2025-11-19 00:00:00,897940.98,151121,193230,-553589.98,,
2025-11-21 00:00:00,Option Premium Bill (NFO) 06-11-2025,OPTDLY/HPC39_5-0611,2025-11-20 00:00:00,897940.98,151121,171832,-574987.98,,
2025-11-24 00:00:00,Option Premium Bill (NFO) 06-11-2025,OPTDLY/HPC39_5-0611,2025-11-21 00:00:00,897940.98,151121,192510,-554309.98,,
2025-11-25 00:00:00,Option Premium Bill (NFO) 06-11-2025,OPTDLY/HPC39_5-0611,2025-11-24 00:00:00,897940.98,151121,200497,-546322.98,,
2025-11-26 00:00:00,Option Premium Bill (NFO) 06-11-2025,OPTDLY/HPC39_5-0611,2025-11-25 00:00:00,897940.98,151121,209317,-537502.98,,
2025-11-27 00:00:00,Option Premium Bill (NFO) 06-11-2025,OPTDLY/HPC39_5-0611,2025-11-26 00:00:00,897940.98,151121,169177,-577642.98,,
2025-11-28 00:00:00,Option Premium Bill (NFO) 06-11-2025,OPTDLY/HPC39_5-0611,2025-11-27 00:00:00,897940.98,151121,161482,-585337.98,,
2025-12-01 00:00:00,Option Premium Bill (NFO) 06-11-2025,OPTDLY/HPC39_5-0611,2025-11-28 00:00:00,897940.98,151121,158422,-588397.98,,
2025-12-02 00:00:00,Option Premium Bill (NFO) 06-11-2025,OPTDLY/HPC39_5-0611,2025-12-01 00:00:00,897940.98,151121,161977,-584842.98,,
2025-12-03 00:00:00,Option Premium Bill (NFO) 06-11-2025,OPTDLY/HPC39_5-0611,2025-12-02 00:00:00,897940.98,151121,171675,-575144.98,,
2025-12-04 00:00:00,Option Premium Bill (NFO) 06-11-2025,OPTDLY/HPC39_5-0611,2025-12-03 00:00:00,897940.98,151121,177952,-568867.98,,
2025-12-05 00:00:00,Option Premium Bill (NFO) 06-11-2025,OPTDLY/HPC39_5-0611,2025-12-04 00:00:00,897940.98,151121,170122,-576697.98,,
2025-12-08 00:00:00,Option Premium Bill (NFO) 06-11-2025,OPTDLY/HPC39_5-0611,2025-12-05 00:00:00,897940.98,151121,146700,-600119.98,,
2025-12-09 00:00:00,Option Premium Bill (NFO) 06-11-2025,OPTDLY/HPC39_5-0611,2025-12-08 00:00:00,897940.98,151121,181125,-565694.98,,
2025-12-10 00:00:00,Option Premium Bill (NFO) 06-11-2025,OPTDLY/HPC39_5-0611,2025-12-09 00:00:00,897940.98,151121,190147,-556672.98,,
2025-12-11 00:00:00,Option Premium Bill (NFO) 06-11-2025,OPTDLY/HPC39_5-0611,2025-12-10 00:00:00,897940.98,151121,203895,-542924.98,,
2025-12-12 00:00:00,Option Premium Bill (NFO) 06-11-2025,OPTDLY/HPC39_5-0611,2025-12-11 00:00:00,897940.98,151121,179235,-567584.98,,
2025-12-15 00:00:00,Option Premium Bill (NFO) 06-11-2025,OPTDLY/HPC39_5-0611,2025-12-12 00:00:00,897940.98,151121,156307,-590512.98,,
2025-12-16 00:00:00,Option Premium Bill (NFO) 06-11-2025,OPTDLY/HPC39_5-0611,2025-12-15 00:00:00,897940.98,151121,158490,-588329.98,,
2025-12-17 00:00:00,Option Premium Bill (NFO) 06-11-2025,OPTDLY/HPC39_5-0611,2025-12-16 00:00:00,897940.98,151121,178965,-567854.98,,
2025-12-18 00:00:00,Option Premium Bill (NFO) 06-11-2025,OPTDLY/HPC39_5-0611,2025-12-17 00:00:00,897940.98,151121,181800,-565019.98,,
2025-12-19 00:00:00,Option Premium Bill (NFO) 06-11-2025,OPTDLY/HPC39_5-0611,2025-12-18 00:00:00,897940.98,151121,177232,-569587.98,,
2025-12-22 00:00:00,Option Premium Bill (NFO) 06-11-2025,OPTDLY/HPC39_5-0611,2025-12-19 00:00:00,897940.98,151121,155700,-591119.98,,
2025-12-23 00:00:00,Option Premium Bill (NFO) 06-11-2025,OPTDLY/HPC39_5-0611,2025-12-22 00:00:00,897940.98,151121,128700,-618119.98,,
2025-12-24 00:00:00,Option Premium Bill (NFO) 06-11-2025,OPTDLY/HPC39_5-0611,2025-12-23 00:00:00,897940.98,151121,125392,-621427.98,,
2025-12-26 00:00:00,Option Premium Bill (NFO) 06-11-2025,OPTDLY/HPC39_5-0611,2025-12-24 00:00:00,897940.98,151121,127125,-619694.98,,
2025-12-29 00:00:00,Option Premium Bill (NFO) 06-11-2025,OPTDLY/HPC39_5-0611,2025-12-26 00:00:00,897940.98,151121,140625,-606194.98,,
2025-12-30 00:00:00,Option Premium Bill (NFO) 06-11-2025,OPTDLY/HPC39_5-0611,2025-12-29 00:00:00,897940.98,151121,159277,-587542.98,,
2025-12-31 00:00:00,Option Premium Bill (NFO) 06-11-2025,OPTDLY/HPC39_5-0611,2025-12-30 00:00:00,897940.98,151121,155362,-591457.98,,
2026-01-01 00:00:00,Option Premium Bill (NFO) 06-11-2025,OPTDLY/HPC39_5-0611,2025-12-31 00:00:00,897940.98,151121,127620,-619199.98,,
2026-01-02 00:00:00,Option Premium Bill (NFO) 06-11-2025,OPTDLY/HPC39_5-0611,2026-01-01 00:00:00,897940.98,151121,124695,-622124.98,,
2026-01-05 00:00:00,Option Premium Bill (NFO) 06-11-2025,OPTDLY/HPC39_5-0611,2026-01-02 00:00:00,897940.98,151121,109935,-636884.98,,
2026-01-06 00:00:00,Option Premium Bill (NFO) 06-11-2025,OPTDLY/HPC39_5-0611,2026-01-05 00:00:00,897940.98,151121,121005,-625814.98,,
2026-01-07 00:00:00,Option Premium Bill (NFO) 06-11-2025,OPTDLY/HPC39_5-0611,2026-01-06 00:00:00,897940.98,151121,127395,-619424.98,,
2026-01-08 00:00:00,Option Premium Bill (NFO) 06-11-2025,OPTDLY/HPC39_5-0611,2026-01-07 00:00:00,897940.98,151121,129847,-616972.98,,
2026-01-09 00:00:00,Option Premium Bill (NFO) 06-11-2025,OPTDLY/HPC39_5-0611,2026-01-08 00:00:00,897940.98,151121,168547,-578272.98,,
2026-01-12 00:00:00,Option Premium Bill (NFO) 06-11-2025,OPTDLY/HPC39_5-0611,2026-01-09 00:00:00,897940.98,151121,202477,-544342.98,,
2026-01-13 00:00:00,Option Premium Bill (NFO) 06-11-2025,OPTDLY/HPC39_5-0611,2026-01-12 00:00:00,897940.98,151121,185040,-561779.98,,
2026-01-14 00:00:00,Option Premium Bill (NFO) 06-11-2025,OPTDLY/HPC39_5-0611,2026-01-13 00:00:00,897940.98,151121,196537,-550282.98,,
2026-01-16 00:00:00,Option Premium Bill (NFO) 06-11-2025,OPTDLY/HPC39_5-0611,2026-01-14 00:00:00,897940.98,151121,209790,-537029.98,,
2026-01-19 00:00:00,Option Premium Bill (NFO) 06-11-2025,OPTDLY/HPC39_5-0611,2026-01-16 00:00:00,897940.98,151121,200407,-546412.98,,
2026-01-20 00:00:00,Option Premium Bill (NFO) 06-11-2025,OPTDLY/HPC39_5-0611,2026-01-19 00:00:00,897940.98,151121,232065,-514754.98,,
2026-01-21 00:00:00,Option Premium Bill (NFO) 06-11-2025,OPTDLY/HPC39_5-0611,2026-01-20 00:00:00,897940.98,151121,325260,-421559.98,,
2026-01-22 00:00:00,Option Premium Bill (NFO) 06-11-2025,OPTDLY/HPC39_5-0611,2026-01-21 00:00:00,897940.98,151121,357637,-389182.98,,
2026-01-23 00:00:00,Option Premium Bill (NFO) 06-11-2025,OPTDLY/HPC39_5-0611,2026-01-22 00:00:00,897940.98,151121,301905,-444914.98,,
2026-01-27 00:00:00,Option Premium Bill (NFO) 06-11-2025,OPTDLY/HPC39_5-0611,2026-01-23 00:00:00,897940.98,151121,385155,-361664.98,,
2026-01-28 00:00:00,Option Premium Bill (NFO) 06-11-2025,OPTDLY/HPC39_5-0611,2026-01-27 00:00:00,897940.98,151121,334980,-411839.98,,
2026-01-29 00:00:00,Option Premium Bill (NFO) 06-11-2025,OPTDLY/HPC39_5-0611,2026-01-28 00:00:00,897940.98,151121,304335,-442484.98,,
2026-01-30 00:00:00,Option Premium Bill (NFO) 06-11-2025,OPTDLY/HPC39_5-0611,2026-01-29 00:00:00,897940.98,151121,279652,-467167.98,,
2026-02-02 00:00:00,Option Premium Bill (NFO) 06-11-2025,OPTDLY/HPC39_5-0611,2026-01-30 00:00:00,897940.98,151121,309645,-437174.98,,
2026-02-02 00:00:00,Option Premium Bill (NFO) 06-11-2025,OPTDLY/HPC39_5-0611,2026-02-01 00:00:00,897940.98,151121,491107,-255712.98,,
2026-02-03 00:00:00,Option Premium Bill (NFO) 06-11-2025,OPTDLY/HPC39_5-0611,2026-02-02 00:00:00,897940.98,151121,394312,-352507.98,,
2026-02-04 00:00:00,Option Premium Bill (NFO) 06-11-2025,OPTDLY/HPC39_5-0611,2026-02-03 00:00:00,897940.98,151121,206842,-539977.98,,
2026-02-05 00:00:00,Option Premium Bill (NFO) 06-11-2025,OPTDLY/HPC39_5-0611,2026-02-04 00:00:00,897940.98,151121,191227,-555592.98,,
2026-02-06 00:00:00,Option Premium Bill (NFO) 06-11-2025,OPTDLY/HPC39_5-0611,2026-02-05 00:00:00,897940.98,151121,214132,-532687.98,,
2026-02-09 00:00:00,Option Premium Bill (NFO) 06-11-2025,OPTDLY/HPC39_5-0611,2026-02-06 00:00:00,897940.98,151121,207990,-538829.98,,
2026-02-10 00:00:00,Option Premium Bill (NFO) 06-11-2025,OPTDLY/HPC39_5-0611,2026-02-09 00:00:00,897940.98,151121,164587,-582232.98,,
2026-02-11 00:00:00,Option Premium Bill (NFO) 06-11-2025,OPTDLY/HPC39_5-0611,2026-02-10 00:00:00,897940.98,151121,144765,-602054.98,,
2026-02-12 00:00:00,Option Premium Bill (NFO) 06-11-2025,OPTDLY/HPC39_5-0611,2026-02-11 00:00:00,897940.98,151121,137205,-609614.98,,
2026-02-13 00:00:00,Option Premium Bill (NFO) 06-11-2025,OPTDLY/HPC39_5-0611,2026-02-12 00:00:00,897940.98,151121,162765,-584054.98,,
2026-02-16 00:00:00,Option Premium Bill (NFO) 06-11-2025,OPTDLY/HPC39_5-0611,2026-02-13 00:00:00,897940.98,151121,249007,-497812.98,,
2026-02-17 00:00:00,Option Premium Bill (NFO) 06-11-2025,OPTDLY/HPC39_5-0611,2026-02-16 00:00:00,897940.98,151121,197167,-549652.98,,
2026-02-18 00:00:00,Option Premium Bill (NFO) 06-11-2025,OPTDLY/HPC39_5-0611,2026-02-17 00:00:00,897940.98,151121,188797,-558022.98,,
2026-02-19 00:00:00,Option Premium Bill (NFO) 06-11-2025,OPTDLY/HPC39_5-0611,2026-02-18 00:00:00,897940.98,151121,160897,-585922.98,,
2026-02-20 00:00:00,Option Premium Bill (NFO) 06-11-2025,OPTDLY/HPC39_5-0611,2026-02-19 00:00:00,897940.98,151121,265815,-481004.98,,
2026-02-23 00:00:00,Option Premium Bill (NFO) 06-11-2025,OPTDLY/HPC39_5-0611,2026-02-20 00:00:00,897940.98,151121,225450,-521369.98,,
2026-02-24 00:00:00,Option Premium Bill (NFO) 06-11-2025,OPTDLY/HPC39_5-0611,2026-02-23 00:00:00,897940.98,151121,194197,-552622.98,,
2026-02-25 00:00:00,Option Premium Bill (NFO) 06-11-2025,OPTDLY/HPC39_5-0611,2026-02-24 00:00:00,897940.98,151121,264937,-481882.98,,
2026-02-26 00:00:00,Option Premium Bill (NFO) 06-11-2025,OPTDLY/HPC39_5-0611,2026-02-25 00:00:00,897940.98,151121,246352,-500467.98,,
2026-02-27 00:00:00,Option Premium Bill (NFO) 06-11-2025,OPTDLY/HPC39_5-0611,2026-02-26 00:00:00,897940.98,151121,240705,-506114.98,,
2026-03-02 00:00:00,Option Premium Bill (NFO) 06-11-2025,OPTDLY/HPC39_5-0611,2026-02-27 00:00:00,897940.98,151121,342810,-404009.98,,
2026-03-04 00:00:00,Option Premium Bill (NFO) 06-11-2025,OPTDLY/HPC39_5-0611,2026-03-02 00:00:00,897940.98,151121,486067,-260752.98,,
2026-03-05 00:00:00,Option Premium Bill (NFO) 06-11-2025,OPTDLY/HPC39_5-0611,2026-03-04 00:00:00,897940.98,151121,654952,-91867.98,,
2026-03-06 00:00:00,Option Premium Bill (NFO) 06-11-2025,OPTDLY/HPC39_5-0611,2026-03-05 00:00:00,897940.98,151121,532012,-214807.98,,
2026-03-09 00:00:00,Option Premium Bill (NFO) 06-03-2026,OPTDLY/HPC39_5-0603,2026-03-06 00:00:00,897940.98,23667.68,607947,-266326.3,,
2026-03-10 00:00:00,Option Premium Bill (NFO) 06-03-2026,OPTDLY/HPC39_5-0603,2026-03-09 00:00:00,897940.98,23667.68,738942,-135331.3,,
2026-03-11 00:00:00,Option Premium Bill (NFO) 06-03-2026,OPTDLY/HPC39_5-0603,2026-03-10 00:00:00,897940.98,23667.68,628411,-245862.3,,
2026-03-12 00:00:00,Option Premium Bill (NFO) 06-03-2026,OPTDLY/HPC39_5-0603,2026-03-11 00:00:00,897940.98,23667.68,768951,-105322.3,,
2026-03-13 00:00:00,Option Premium Bill (NFO) 06-03-2026,OPTDLY/HPC39_5-0603,2026-03-12 00:00:00,897940.98,23667.68,822201,-52072.3,,
2026-03-16 00:00:00,Option Premium Bill (NFO) 06-03-2026,OPTDLY/HPC39_5-0603,2026-03-13 00:00:00,897940.98,23667.68,967833,93559.7,,
2026-03-17 00:00:00,Option Premium Bill (NFO) 06-03-2026,OPTDLY/HPC39_5-0603,2026-03-16 00:00:00,897940.98,23667.68,905161,30887.7,,
2026-03-18 00:00:00,Option Premium Bill (NFO) 06-03-2026,OPTDLY/HPC39_5-0603,2026-03-17 00:00:00,897940.98,23667.68,832914,-41359.3,,
2026-03-19 00:00:00,Option Premium Bill (NFO) 06-03-2026,OPTDLY/HPC39_5-0603,2026-03-18 00:00:00,897940.98,23667.68,782283,-91990.3,,
2026-03-20 00:00:00,Option Premium Bill (NFO) 06-03-2026,OPTDLY/HPC39_5-0603,2026-03-19 00:00:00,897940.98,23667.68,811013,-63260.3,,
2026-03-23 00:00:00,Option Premium Bill (NFO) 06-03-2026,OPTDLY/HPC39_5-0603,2026-03-20 00:00:00,897940.98,23667.68,985954,111680.7,,
2026-03-24 00:00:00,Option Premium Bill (NFO) 06-03-2026,OPTDLY/HPC39_5-0603,2026-03-23 00:00:00,897940.98,23667.68,1213390,339116.7,,
2026-03-25 00:00:00,Option Premium Bill (NFO) 06-03-2026,OPTDLY/HPC39_5-0603,2026-03-24 00:00:00,897940.98,23667.68,1061599,187325.7,,
2026-03-27 00:00:00,Option Premium Bill (NFO) 06-03-2026,OPTDLY/HPC39_5-0603,2026-03-25 00:00:00,897940.98,23667.68,938209,63935.7,,
2026-03-30 00:00:00,Option Premium Bill (NFO) 06-03-2026,OPTDLY/HPC39_5-0603,2026-03-27 00:00:00,897940.98,23667.68,1111048,236774.7,,
2026-04-01 00:00:00,Option Premium Bill (NFO) 06-03-2026,OPTDLY/HPC39_5-0603,2026-03-30 00:00:00,897940.98,243508.53,1059279,404846.55,,
2026-04-02 00:00:00,Option Premium Bill (NFO) 06-03-2026,OPTDLY/HPC39_5-0603,2026-04-01 00:00:00,897940.98,243508.53,935239,280806.55,,
2026-04-06 00:00:00,Option Premium Bill (NFO) 06-03-2026,OPTDLY/HPC39_5-0603,2026-04-02 00:00:00,897940.98,243508.53,929292,274859.55,,
2026-04-07 00:00:00,Option Premium Bill (NFO) 06-03-2026,OPTDLY/HPC39_5-0603,2026-04-06 00:00:00,897940.98,243508.53,853437,199004.55,,
2026-04-08 00:00:00,Option Premium Bill (NFO) 06-03-2026,OPTDLY/HPC39_5-0603,2026-04-07 00:00:00,897940.98,243508.53,825006,170573.55,,
2026-04-09 00:00:00,Option Premium Bill (NFO) 06-03-2026,OPTDLY/HPC39_5-0603,2026-04-08 00:00:00,897940.98,243508.53,587632,-66800.45,,
2026-04-10 00:00:00,Option Premium Bill (NFO) 06-03-2026,OPTDLY/HPC39_5-0603,2026-04-09 00:00:00,897940.98,243508.53,630844,-23588.45,,
2026-04-13 00:00:00,Option Premium Bill (NFO) 06-03-2026,OPTDLY/HPC39_5-0603,2026-04-10 00:00:00,897940.98,243508.53,578760,-75672.45,,
2026-04-15 00:00:00,Option Premium Bill (NFO) 06-03-2026,OPTDLY/HPC39_5-0603,2026-04-13 00:00:00,897940.98,243508.53,633867,-20565.45,,
2026-04-16 00:00:00,Option Premium Bill (NFO) 06-03-2026,OPTDLY/HPC39_5-0603,2026-04-15 00:00:00,897940.98,243508.53,535626,-118806.45,,
2026-04-17 00:00:00,Option Premium Bill (NFO) 06-03-2026,OPTDLY/HPC39_5-0603,2026-04-16 00:00:00,897940.98,243508.53,538999,-115433.45,,
2026-04-20 00:00:00,Option Premium Bill (NFO) 06-03-2026,OPTDLY/HPC39_5-0603,2026-04-17 00:00:00,897940.98,243508.53,506649,-147783.45,,
2026-04-21 00:00:00,Option Premium Bill (NFO) 06-03-2026,OPTDLY/HPC39_5-0603,2026-04-20 00:00:00,897940.98,243508.53,515463,-138969.45,,
2026-04-22 00:00:00,Option Premium Bill (NFO) 06-03-2026,OPTDLY/HPC39_5-0603,2026-04-21 00:00:00,897940.98,243508.53,457587,-196845.45,,
2026-04-23 00:00:00,Option Premium Bill (NFO) 06-03-2026,OPTDLY/HPC39_5-0603,2026-04-22 00:00:00,897940.98,243508.53,498478,-155954.45,,
2026-04-24 00:00:00,Option Premium Bill (NFO) 06-03-2026,OPTDLY/HPC39_5-0603,2026-04-23 00:00:00,897940.98,243508.53,550719,-103713.45,,
2026-04-27 00:00:00,Option Premium Bill (NFO) 06-03-2026,OPTDLY/HPC39_5-0603,2026-04-24 00:00:00,897940.98,243508.53,610662,-43770.45,,
2026-04-28 00:00:00,Option Premium Bill (NFO) 06-03-2026,OPTDLY/HPC39_5-0603,2026-04-27 00:00:00,897940.98,243508.53,566826,-87606.45,,
2026-04-29 00:00:00,Option Premium Bill (NFO) 06-03-2026,OPTDLY/HPC39_5-0603,2026-04-28 00:00:00,897940.98,243508.53,601516,-52916.45,,
2026-04-30 00:00:00,Option Premium Bill (NFO) 06-03-2026,OPTDLY/HPC39_5-0603,2026-04-29 00:00:00,897940.98,243508.53,555984,-98448.45,,
2026-05-04 00:00:00,Option Premium Bill (NFO) 06-03-2026,OPTDLY/HPC39_5-0603,2026-04-30 00:00:00,897940.98,243508.53,604714,-49718.45,,
2026-05-05 00:00:00,Option Premium Bill (NFO) 06-03-2026,OPTDLY/HPC39_5-0603,2026-05-04 00:00:00,897940.98,243508.53,574216,-80216.45,,
2026-05-06 00:00:00,Option Premium Bill (NFO) 06-03-2026,OPTDLY/HPC39_5-0603,2026-05-05 00:00:00,897940.98,243508.53,599527,-54905.45,,
2026-05-07 00:00:00,Option Premium Bill (NFO) 06-03-2026,OPTDLY/HPC39_5-0603,2026-05-06 00:00:00,897940.98,243508.53,513513,-140919.45,,
2026-05-08 00:00:00,Option Premium Bill (NFO) 06-03-2026,OPTDLY/HPC39_5-0603,2026-05-07 00:00:00,897940.98,243508.53,519850,-134582.45,,
2026-05-11 00:00:00,Option Premium Bill (NFO) 06-03-2026,OPTDLY/HPC39_5-0603,2026-05-08 00:00:00,897940.98,243508.53,554424,-100008.45,,
2026-05-12 00:00:00,Option Premium Bill (NFO) 06-03-2026,OPTDLY/HPC39_5-0603,2026-05-11 00:00:00,897940.98,243508.53,642115,-12317.45,,
2026-05-13 00:00:00,Option Premium Bill (NFO) 06-03-2026,OPTDLY/HPC39_5-0603,2026-05-12 00:00:00,897940.98,243508.53,750886,96453.55,,
2026-05-14 00:00:00,Option Premium Bill (NFO) 06-03-2026,OPTDLY/HPC39_5-0603,2026-05-13 00:00:00,897940.98,243508.53,751101,96668.55,,
2026-05-15 00:00:00,Option Premium Bill (NFO) 06-03-2026,OPTDLY/HPC39_5-0603,2026-05-14 00:00:00,897940.98,243508.53,690085,35652.55,,
2026-05-18 00:00:00,Option Premium Bill (NFO) 06-03-2026,OPTDLY/HPC39_5-0603,2026-05-15 00:00:00,897940.98,243508.53,709293,54860.55,,
2026-05-19 00:00:00,Option Premium Bill (NFO) 06-03-2026,OPTDLY/HPC39_5-0603,2026-05-18 00:00:00,897940.98,243508.53,715650,61217.55,,
2026-05-20 00:00:00,Option Premium Bill (NFO) 06-03-2026,OPTDLY/HPC39_5-0603,2026-05-19 00:00:00,897940.98,243508.53,720564,66131.55,,
2026-05-21 00:00:00,Option Premium Bill (NFO) 06-03-2026,OPTDLY/HPC39_5-0603,2026-05-20 00:00:00,897940.98,243508.53,706777,52344.55,,
2026-05-22 00:00:00,Option Premium Bill (NFO) 06-03-2026,OPTDLY/HPC39_5-0603,2026-05-21 00:00:00,897940.98,243508.53,708903,54470.55,,
2026-05-25 00:00:00,Option Premium Bill (NFO) 06-03-2026,OPTDLY/HPC39_5-0603,2026-05-22 00:00:00,897940.98,243508.53,678873,24440.55,,
2026-05-26 00:00:00,Option Premium Bill (NFO) 06-03-2026,OPTDLY/HPC39_5-0603,2026-05-25 00:00:00,897940.98,243508.53,594516,-59916.45,,
2026-05-27 00:00:00,Option Premium Bill (NFO) 06-03-2026,OPTDLY/HPC39_5-0603,2026-05-26 00:00:00,897940.98,243508.53,619729,-34703.45,,
2026-05-29 00:00:00,Option Premium Bill (NFO) 06-03-2026,OPTDLY/HPC39_5-0603,2026-05-27 00:00:00,897940.98,243508.53,618189,-36243.45,,
2026-06-01 00:00:00,Option Premium Bill (NFO) 06-03-2026,OPTDLY/HPC39_5-0603,2026-05-29 00:00:00,897940.98,243508.53,683826,29393.55,,
2026-06-02 00:00:00,Option Premium Bill (NFO) 06-03-2026,OPTDLY/HPC39_5-0603,2026-06-01 00:00:00,897940.98,243508.53,759876,105443.55,,
2026-06-03 00:00:00,Option Premium Bill (NFO) 06-03-2026,OPTDLY/HPC39_5-0603,2026-06-02 00:00:00,897940.98,243508.53,714304,59871.55,,
2026-06-04 00:00:00,Option Premium Bill (NFO) 06-03-2026,OPTDLY/HPC39_5-0603,2026-06-03 00:00:00,897940.98,243508.53,728754,74321.55,,
2026-06-05 00:00:00,Option Premium Bill (NFO) 06-03-2026,OPTDLY/HPC39_5-0603,2026-06-04 00:00:00,897940.98,243508.53,742248,87815.55,,
2026-06-08 00:00:00,Option Premium Bill (NFO) 06-03-2026,OPTDLY/HPC39_5-0603,2026-06-05 00:00:00,897940.98,243508.53,753616,99183.55,,
2026-06-09 00:00:00,Option Premium Bill (NFO) 06-03-2026,OPTDLY/HPC39_5-0603,2026-06-08 00:00:00,897940.98,243508.53,837661,183228.55,,
2026-06-10 00:00:00,Option Premium Bill (NFO) 06-03-2026,OPTDLY/HPC39_5-0603,2026-06-09 00:00:00,897940.98,243508.53,785050,130617.55,,
2026-06-11 00:00:00,Option Premium Bill (NFO) 06-03-2026,OPTDLY/HPC39_5-0603,2026-06-10 00:00:00,897940.98,243508.53,824596,170163.55,,
2026-06-12 00:00:00,Option Premium Bill (NFO) 06-03-2026,OPTDLY/HPC39_5-0603,2026-06-11 00:00:00,897940.98,243508.53,837817,183384.55,,
2026-06-15 00:00:00,Option Premium Bill (NFO) 06-03-2026,OPTDLY/HPC39_5-0603,2026-06-12 00:00:00,897940.98,243508.53,699133,44700.55,,
2026-06-16 00:00:00,Option Premium Bill (NFO) 06-03-2026,OPTDLY/HPC39_5-0603,2026-06-15 00:00:00,897940.98,243508.53,624448,-29984.45,,
2026-06-17 00:00:00,Option Premium Bill (NFO) 06-03-2026,OPTDLY/HPC39_5-0603,2026-06-16 00:00:00,897940.98,243508.53,598845,-55587.45,,
2026-06-18 00:00:00,Option Premium Bill (NFO) 06-03-2026,OPTDLY/HPC39_5-0603,2026-06-17 00:00:00,897940.98,243508.53,577453,-76979.45,,
2026-06-19 00:00:00,Option Premium Bill (NFO) 06-03-2026,OPTDLY/HPC39_5-0603,2026-06-18 00:00:00,897940.98,243508.53,540286,-114146.45,,
2026-06-22 00:00:00,Option Premium Bill (NFO) 06-03-2026,OPTDLY/HPC39_5-0603,2026-06-19 00:00:00,897940.98,243508.53,572149,-82283.45,,
2026-06-23 00:00:00,Option Premium Bill (NFO) 06-03-2026,OPTDLY/HPC39_5-0603,2026-06-22 00:00:00,897940.98,243508.53,552240,-102192.45,,
2026-06-24 00:00:00,Option Premium Bill (NFO) 06-03-2026,OPTDLY/HPC39_5-0603,2026-06-23 00:00:00,897940.98,243508.53,633067,-21365.45,,
2026-06-25 00:00:00,Option Premium Bill (NFO) 06-03-2026,OPTDLY/HPC39_5-0603,2026-06-24 00:00:00,897940.98,243508.53,575094,-79338.45,,
2026-06-29 00:00:00,Option Premium Bill (NFO) 06-03-2026,OPTDLY/HPC39_5-0603,2026-06-25 00:00:00,897940.98,243508.53,562497,-91935.45,,
2026-06-30 00:00:00,Option Premium Bill (NFO) 06-03-2026,OPTDLY/HPC39_5-0603,2026-06-29 00:00:00,897940.98,243508.53,593326,-61106.45,,
2026-07-01 00:00:00,Option Premium Bill (NFO) 06-03-2026,OPTDLY/HPC39_5-0603,2026-06-30 00:00:00,897940.98,243508.53,592761,-61671.45,,
2026-07-02 00:00:00,Option Premium Bill (NFO) 06-03-2026,OPTDLY/HPC39_5-0603,2026-07-01 00:00:00,897940.98,243508.53,586677,-67755.45,,
2026-07-03 00:00:00,Option Premium Bill (NFO) 06-03-2026,OPTDLY/HPC39_5-0603,2026-07-02 00:00:00,897940.98,243508.53,541612,-112820.45,,
2026-07-06 00:00:00,Option Premium Bill (NFO) 06-03-2026,OPTDLY/HPC39_5-0603,2026-07-03 00:00:00,897940.98,243508.53,511348,-143084.45,,
2026-07-07 00:00:00,Option Premium Bill (NFO) 06-03-2026,OPTDLY/HPC39_5-0603,2026-07-06 00:00:00,897940.98,243508.53,476521,-177911.45,,
2026-07-08 00:00:00,Option Premium Bill (NFO) 06-03-2026,OPTDLY/HPC39_5-0603,2026-07-07 00:00:00,897940.98,243508.53,485569,-168863.45,,
2026-07-09 00:00:00,Option Premium Bill (NFO) 06-03-2026,OPTDLY/HPC39_5-0603,2026-07-08 00:00:00,897940.98,243508.53,632755,-21677.45,,
2026-07-10 00:00:00,Option Premium Bill (NFO) 06-03-2026,OPTDLY/HPC39_5-0603,2026-07-09 00:00:00,897940.98,243508.53,611247,-43185.45,,
2026-07-13 00:00:00,Option Premium Bill (NFO) 06-03-2026,OPTDLY/HPC39_5-0603,2026-07-10 00:00:00,897940.98,243508.53,539175,-115257.45,,
2026-07-14 00:00:00,Option Premium Bill (NFO) 06-03-2026,OPTDLY/HPC39_5-0603,2026-07-13 00:00:00,897940.98,243508.53,539604,-114828.45,,
2026-07-15 00:00:00,Option Premium Bill (NFO) 06-03-2026,OPTDLY/HPC39_5-0603,2026-07-14 00:00:00,897940.98,243508.53,602394,-52038.45,,
2026-07-16 00:00:00,Option Premium Bill (NFO) 06-03-2026,OPTDLY/HPC39_5-0603,2026-07-15 00:00:00,897940.98,243508.53,586462,-67970.45,,
2026-07-17 00:00:00,Option Premium Bill (NFO) 06-03-2026,OPTDLY/HPC39_5-0603,2026-07-16 00:00:00,897940.98,243508.53,575230,-79202.45,,
2026-07-20 00:00:00,Option Premium Bill (NFO) 06-03-2026,OPTDLY/HPC39_5-0603,2026-07-17 00:00:00,897940.98,243508.53,520572,-133860.45,,
2026-07-21 00:00:00,Option Premium Bill (NFO) 06-03-2026,OPTDLY/HPC39_5-0603,2026-07-20 00:00:00,897940.98,243508.53,535704,-118728.45,,
2026-07-22 00:00:00,Option Premium Bill (NFO) 06-03-2026,OPTDLY/HPC39_5-0603,2026-07-21 00:00:00,897940.98,243508.53,554833,-99599.45,,
2026-07-23 00:00:00,Option Premium Bill (NFO) 06-03-2026,OPTDLY/HPC39_5-0603,2026-07-22 00:00:00,897940.98,243508.53,608283,-46149.45,,
2026-07-24 00:00:00,Option Premium Bill (NFO) 06-03-2026,OPTDLY/HPC39_5-0603,2026-07-23 00:00:00,897940.98,243508.53,646152,-8280.45,,
2026-07-27 00:00:00,Option Premium Bill (NFO) 06-03-2026,OPTDLY/HPC39_5-0603,2026-07-24 00:00:00,897940.98,243508.53,669337,14904.55,,
2026-07-28 00:00:00,Option Premium Bill (NFO) 06-03-2026,OPTDLY/HPC39_5-0603,2026-07-27 00:00:00,897940.98,243508.53,595686,-58746.45,,
2026-07-29 00:00:00,Option Premium Bill (NFO) 06-03-2026,OPTDLY/HPC39_5-0603,2026-07-28 00:00:00,897940.98,243508.53,598182,-56250.45,,
2026-07-30 00:00:00,Option Premium Bill (NFO) 06-03-2026,OPTDLY/HPC39_5-0603,2026-07-29 00:00:00,897940.98,243508.53,541651,-112781.45,,
2026-07-31 00:00:00,Option Premium Bill (NFO) 06-03-2026,OPTDLY/HPC39_5-0603,2026-07-30 00:00:00,897940.98,243508.53,528333,-126099.45,,
2026-08-03 00:00:00,Option Premium Bill (NFO) 06-03-2026,OPTDLY/HPC39_5-0603,2026-07-31 00:00:00,897940.98,243508.53,501813,-152619.45,,
2026-08-04 00:00:00,Option Premium Bill (NFO) 06-03-2026,OPTDLY/HPC39_5-0603,2026-08-03 00:00:00,897940.98,243508.53,445360,-209072.45,,
2026-08-05 00:00:00,Option Premium Bill (NFO) 06-03-2026,OPTDLY/HPC39_5-0603,2026-08-04 00:00:00,897940.98,243508.53,457041,-197391.45,,
2026-08-06 00:00:00,Option Premium Bill (NFO) 06-03-2026,OPTDLY/HPC39_5-0603,2026-08-05 00:00:00,897940.98,243508.53,431164,-223268.45,,
2026-08-07 00:00:00,Option Premium Bill (NFO) 06-03-2026,OPTDLY/HPC39_5-0603,2026-08-06 00:00:00,897940.98,243508.53,411586,-242846.45,,
2026-08-10 00:00:00,Option Premium Bill (NFO) 06-03-2026,OPTDLY/HPC39_5-0603,2026-08-07 00:00:00,897940.98,243508.53,431047,-223385.45,,
2026-08-11 00:00:00,Option Premium Bill (NFO) 06-03-2026,OPTDLY/HPC39_5-0603,2026-08-10 00:00:00,897940.98,243508.53,428922,-225510.45,,
2026-08-12 00:00:00,Option Premium Bill (NFO) 06-03-2026,OPTDLY/HPC39_5-0603,2026-08-11 00:00:00,897940.98,243508.53,454252,-200180.45,,
2026-08-13 00:00:00,Option Premium Bill (NFO) 06-03-2026,OPTDLY/HPC39_5-0603,2026-08-12 00:00:00,897940.98,243508.53,470730,-183702.45,,
2026-08-14 00:00:00,Option Premium Bill (NFO) 06-03-2026,OPTDLY/HPC39_5-0603,2026-08-13 00:00:00,897940.98,243508.53,465913,-188519.45,,
2026-08-17 00:00:00,Option Premium Bill (NFO) 06-03-2026,OPTDLY/HPC39_5-0603,2026-08-14 00:00:00,897940.98,243508.53,470496,-183936.45,,
2026-08-18 00:00:00,Option Premium Bill (NFO) 06-03-2026,OPTDLY/HPC39_5-0603,2026-08-17 00:00:00,897940.98,243508.53,479973,-174459.45,,
2026-08-19 00:00:00,Option Premium Bill (NFO) 06-03-2026,OPTDLY/HPC39_5-0603,2026-08-18 00:00:00,897940.98,243508.53,529561,-124871.45,,
2026-08-20 00:00:00,Option Premium Bill (NFO) 06-03-2026,OPTDLY/HPC39_5-0603,2026-08-19 00:00:00,897940.98,243508.53,561171,-93261.45,,
2026-08-21 00:00:00,Option Premium Bill (NFO) 06-03-2026,OPTDLY/HPC39_5-0603,2026-08-20 00:00:00,897940.98,243508.53,511621,-142811.45,,
2026-08-24 00:00:00,Option Premium Bill (NFO) 06-03-2026,OPTDLY/HPC39_5-0603,2026-08-21 00:00:00,897940.98,243508.53,514273,-140159.45,,
2026-08-25 00:00:00,Option Premium Bill (NFO) 06-03-2026,OPTDLY/HPC39_5-0603,2026-08-24 00:00:00,897940.98,243508.53,535021,-119411.45,,
2026-08-26 00:00:00,Option Premium Bill (NFO) 06-03-2026,OPTDLY/HPC39_5-0603,2026-08-25 00:00:00,897940.98,243508.53,489976,-164456.45,,
2026-08-27 00:00:00,Option Premium Bill (NFO) 06-03-2026,OPTDLY/HPC39_5-0603,2026-08-26 00:00:00,897940.98,243508.53,498049,-156383.45,,
2026-08-28 00:00:00,Option Premium Bill (NFO) 06-03-2026,OPTDLY/HPC39_5-0603,2026-08-27 00:00:00,897940.98,243508.53,546000,-108432.45,,
2026-08-31 00:00:00,Option Premium Bill (NFO) 06-03-2026,OPTDLY/HPC39_5-0603,2026-08-28 00:00:00,897940.98,243508.53,531121,-123311.45,,
2026-09-01 00:00:00,Option Premium Bill (NFO) 06-03-2026,OPTDLY/HPC39_5-0603,2026-08-31 00:00:00,897940.98,243508.53,556803,-97629.45,,
2026-09-02 00:00:00,Option Premium Bill (NFO) 06-03-2026,OPTDLY/HPC39_5-0603,2026-09-01 00:00:00,897940.98,243508.53,612963,-41469.45,,
2026-09-03 00:00:00,Option Premium Bill (NFO) 06-03-2026,OPTDLY/HPC39_5-0603,2026-09-02 00:00:00,897940.98,243508.53,642739,-11693.45,,
2026-09-04 00:00:00,Option Premium Bill (NFO) 06-03-2026,OPTDLY/HPC39_5-0603,2026-09-03 00:00:00,897940.98,243508.53,640263,-14169.45,,
2026-09-07 00:00:00,Option Premium Bill (NFO) 06-03-2026,OPTDLY/HPC39_5-0603,2026-09-04 00:00:00,897940.98,243508.53,624039,-30393.45,,
2026-09-08 00:00:00,Option Premium Bill (NFO) 06-03-2026,OPTDLY/HPC39_5-0603,2026-09-07 00:00:00,897940.98,243508.53,686107,31674.55,,
2026-09-09 00:00:00,Option Premium Bill (NFO) 06-03-2026,OPTDLY/HPC39_5-0603,2026-09-08 00:00:00,897940.98,243508.53,730879,76446.55,,
2026-09-10 00:00:00,Option Premium Bill (NFO) 06-03-2026,OPTDLY/HPC39_5-0603,2026-09-09 00:00:00,897940.98,243508.53,803010,148577.55,,
2026-09-11 00:00:00,Option Premium Bill (NFO) 06-03-2026,OPTDLY/HPC39_5-0603,2026-09-10 00:00:00,897940.98,243508.53,831070,176637.55,,
2026-09-15 00:00:00,Option Premium Bill (NFO) 06-03-2026,OPTDLY/HPC39_5-0603,2026-09-11 00:00:00,897940.98,243508.53,826761,172328.55,,
2026-09-16 00:00:00,Option Premium Bill (NFO) 06-03-2026,OPTDLY/HPC39_5-0603,2026-09-15 00:00:00,897940.98,243508.53,920712,266279.55,,
2026-09-17 00:00:00,Option Premium Bill (NFO) 06-03-2026,OPTDLY/HPC39_5-0603,2026-09-16 00:00:00,897940.98,243508.53,905073,250640.55,,
