,,,,dr,dr,net,Actual holding,p&l,Backtest Portfolio
18-11-2024,Settlement Posting-NG4217,DLV1-1811-NG4217/HPC39_7,14-11-2024,20068247.97,0,-20068247.97,19929592,-138655.9699999988,20000000
19-11-2024,Settlement Posting-NG4217,DLV1-1811-NG4217/HPC39_7,18-11-2024,20068247.97,0,-20068247.97,19887263,-180984.9699999988,20000000
21-11-2024,Settlement Posting-NG4217,DLV1-1811-NG4217/HPC39_7,19-11-2024,20068247.97,0,-20068247.97,19979067,-89180.96999999881,19990298
22-11-2024,Settlement Posting-NG4217,DLV1-1811-NG4217/HPC39_7,21-11-2024,20068247.97,0,-20068247.97,19967609,-100638.96999999881,20327561
25-11-2024,Settlement Posting-NG4217,DLV1-1811-NG4217/HPC39_7,22-11-2024,20068247.97,0,-20068247.97,20301562,233314.0300000012,20675479
26-11-2024,Settlement Posting-NG4217,DLV1-1811-NG4217/HPC39_7,25-11-2024,20068247.97,0,-20068247.97,20693123,624875.0300000012,20562196
27-11-2024,Settlement Posting-NG4217,DLV1-1811-NG4217/HPC39_7,26-11-2024,20068247.97,0,-20068247.97,20578829,510581.0300000012,20664757
28-11-2024,Settlement Posting-NG4217,DLV1-1811-NG4217/HPC39_7,27-11-2024,20068247.97,0,-20068247.97,20685180,616932.0300000012,20499927
29-11-2024,Settlement Posting-NG4217,DLV1-1811-NG4217/HPC39_7,28-11-2024,20068247.97,0,-20068247.97,20529503,461255.0300000012,20687180
2024-02-12 00:00:00,Settlement Posting-NG4217,DLV1-1811-NG4217/HPC39_7,29-11-2024,20068247.97,0,-20068247.97,20710214,641966.0300000012,21012708
2024-03-12 00:00:00,Settlement Posting-NG4217,DLV1-1811-NG4217/HPC39_7,2024-02-12 00:00:00,20068247.97,0,-20068247.97,21040888,972640.0300000012,21147468
2024-04-12 00:00:00,Settlement Posting-NG4217,DLV1-1811-NG4217/HPC39_7,2024-03-12 00:00:00,20068247.97,0,-20068247.97,21196013,1127765.0300000012,21172274
2024-05-12 00:00:00,Settlement Posting-NG4217,DLV1-1811-NG4217/HPC39_7,2024-04-12 00:00:00,20068247.97,0,-20068247.97,21236088,1167840.0300000012,21282038
2024-06-12 00:00:00,Settlement Posting-NG4217,DLV1-1811-NG4217/HPC39_7,2024-05-12 00:00:00,20068247.97,0,-20068247.97,21236088,1167840.0300000012,21494359
2024-09-12 00:00:00,Settlement Posting-NG4217,DLV1-1811-NG4217/HPC39_7,2024-06-12 00:00:00,20068247.97,0,-20068247.97,21619032,1550784.0300000012,21454899
2024-12-10 00:00:00,Settlement Posting-NG4211,DLV2-0711-NG4211/HPC39_6,2024-12-09 00:00:00,20068247.97,0,-20068247.97,21590420,1522172.0300000012,21449576
2024-12-11 00:00:00,Settlement Posting-NG4211,DLV2-0711-NG4211/HPC39_6,2024-12-10 00:00:00,20068247.97,0,-20068247.97,21589440,1521192.0300000012,21563192
2024-12-12 00:00:00,Settlement Posting-NG4211,DLV2-0711-NG4211/HPC39_6,2024-12-11 00:00:00,20068247.97,0,-20068247.97,21722500,1654252.0300000012,21477670
2024-12-13 00:00:00,Settlement Posting-NG4211,DLV2-0711-NG4211/HPC39_6,2024-12-12 00:00:00,20068247.97,0,-20068247.97,21612737,1544489.0300000012,21487899
2024-12-16 00:00:00,Settlement Posting-NG4211,DLV2-0711-NG4211/HPC39_6,2024-12-13 00:00:00,20068247.97,0,-20068247.97,21616955,1548707.0300000012,21662026
2024-12-17 00:00:00,Settlement Posting-NG4211,DLV2-0711-NG4211/HPC39_6,2024-12-16 00:00:00,20068247.97,0,-20068247.97,21769226,1700978.0300000012,21494468
2024-12-18 00:00:00,Settlement Posting-NG4211,DLV2-0711-NG4211/HPC39_6,2024-12-17 00:00:00,20068247.97,0,-20068247.97,21587112,1518864.0300000012,21454261
2024-12-19 00:00:00,Settlement Posting-NG4211,DLV2-0711-NG4211/HPC39_6,2024-12-18 00:00:00,20068247.97,0,-20068247.97,21509952,1441704.0300000012,21372337
2024-12-20 00:00:00,Settlement Posting-NG4211,DLV2-0711-NG4211/HPC39_6,2024-12-19 00:00:00,20068247.97,0,-20068247.97,21434987,1366739.0300000012,20781955
2024-12-23 00:00:00,Settlement Posting-NG4211,DLV2-0711-NG4211/HPC39_6,2024-12-20 00:00:00,20068247.97,0,-20068247.97,20781112,712864.0300000012,20864200
2024-12-24 00:00:00,Settlement Posting-NG4211,DLV2-0711-NG4211/HPC39_6,2024-12-23 00:00:00,20068247.97,0,-20068247.97,20868048,799800.0300000012,20803847
2024-12-26 00:00:00,Settlement Posting-NG4211,DLV2-0711-NG4211/HPC39_6,2024-12-24 00:00:00,20068247.97,0,-20068247.97,20791374,723126.0300000012,20910727
2024-12-27 00:00:00,Settlement Posting-NG4211,DLV2-0711-NG4211/HPC39_6,2024-12-26 00:00:00,20068247.97,0,-20068247.97,20926756,858508.0300000012,20968463
2024-12-30 00:00:00,Settlement Posting-NG4211,DLV2-0711-NG4211/HPC39_6,2024-12-27 00:00:00,20068247.97,0,-20068247.97,20957145,888897.0300000012,20970979
2024-12-31 00:00:00,Settlement Posting-NG4211,DLV2-0711-NG4211/HPC39_6,2024-12-30 00:00:00,20068247.97,0,-20068247.97,20925222,856974.0300000012,21069318
2025-01-01 00:00:00,Settlement Posting-NG4211,DLV2-0711-NG4211/HPC39_6,2024-12-31 00:00:00,20068247.97,0,-20068247.97,21049316,981068.0300000012,21091577
2025-01-02 00:00:00,Settlement Posting-NG4211,DLV2-0711-NG4211/HPC39_6,2025-01-01 00:00:00,20068247.97,0,-20068247.97,21085781,1017533.0300000012,21394778
2025-01-03 00:00:00,Settlement Posting-NG4211,DLV2-0711-NG4211/HPC39_6,2025-01-02 00:00:00,20068247.97,0,-20068247.97,21401709,1333461.0300000012,21248983
2025-01-06 00:00:00,Settlement Posting-NG4211,DLV2-0711-NG4211/HPC39_6,2025-01-03 00:00:00,20068247.97,0,-20068247.97,21223091,1154843.0300000012,20727196
2025-01-07 00:00:00,Settlement Posting-NG4211,DLV2-0711-NG4211/HPC39_6,2025-01-06 00:00:00,20068247.97,0,-20068247.97,20612897,544649.0300000012,20817056
2025-01-08 00:00:00,Settlement Posting-NG4211,DLV2-0711-NG4211/HPC39_6,2025-01-07 00:00:00,20068247.97,0,-20068247.97,20753023,684775.0300000012,20416338
2025-01-09 00:00:00,Settlement Posting-NG4211,DLV2-0711-NG4211/HPC39_6,2025-01-08 00:00:00,20068247.97,0,-20068247.97,20346572,278324.0300000012,20219241
2025-01-10 00:00:00,Settlement Posting-NG4211,DLV2-0711-NG4211/HPC39_6,2025-01-09 00:00:00,20068247.97,0,-20068247.97,20138703,70455.03000000119,19890030
2025-01-13 00:00:00,Settlement Posting-NG4211,DLV2-0711-NG4211/HPC39_6,2025-01-10 00:00:00,20068247.97,0,-20068247.97,19796424,-271823.9699999988,19165710
2025-01-14 00:00:00,Settlement Posting-NG4211,DLV2-0711-NG4211/HPC39_6,2025-01-13 00:00:00,20068247.97,0,-20068247.97,18997324,-1070923.9699999988,19432013
2025-01-15 00:00:00,Settlement Posting-NG4211,DLV2-0711-NG4211/HPC39_6,2025-01-14 00:00:00,20068247.97,0,-20068247.97,19309575,-758672.9699999988,19486188
2025-01-16 00:00:00,Settlement Posting-NG4211,DLV2-0711-NG4211/HPC39_6,2025-01-15 00:00:00,20068247.97,0,-20068247.97,19340730,-727517.9699999988,19491116
2025-01-17 00:00:00,Settlement Posting-NG4211,DLV2-0711-NG4211/HPC39_6,2025-01-16 00:00:00,20068247.97,0,-20068247.97,19345472,-722775.9699999988,19593015
2025-01-20 00:00:00,Settlement Posting-NG4211,DLV2-0711-NG4211/HPC39_6,2025-01-17 00:00:00,20068247.97,0,-20068247.97,19466386,-601861.9699999988,19657257
2025-01-21 00:00:00,Settlement Posting-NG4211,DLV2-0711-NG4211/HPC39_6,2025-01-20 00:00:00,20068247.97,0,-20068247.97,19546701,-521546.9699999988,18964221
2025-01-22 00:00:00,Settlement Posting-NG4211,DLV2-0711-NG4211/HPC39_6,2025-01-21 00:00:00,20068247.97,0,-20068247.97,18832632,-1235615.9699999988,18775885
2025-01-23 00:00:00,Settlement Posting-NG4211,DLV2-0711-NG4211/HPC39_6,2025-01-22 00:00:00,20068247.97,0,-20068247.97,18645379,-1422868.9699999988,19161992
2025-01-24 00:00:00,Settlement Posting-NG4211,DLV2-0711-NG4211/HPC39_6,2025-01-23 00:00:00,20068247.97,0,-20068247.97,19012265,-1055982.9699999988,18859721
2025-01-27 00:00:00,Settlement Posting-NG4211,DLV2-0711-NG4211/HPC39_6,2025-01-24 00:00:00,20068247.97,0,-20068247.97,18669521,-1398726.9699999988,18395745
2025-01-28 00:00:00,Settlement Posting-NG4211,DLV2-0711-NG4211/HPC39_6,2025-01-27 00:00:00,20068247.97,0,-20068247.97,18183148,-1885099.9699999988,18206739
2025-01-29 00:00:00,Settlement Posting-NG4211,DLV2-0711-NG4211/HPC39_6,2025-01-28 00:00:00,20068247.97,0,-20068247.97,17962437,-2105810.969999999,18603690
2025-01-30 00:00:00,Settlement Posting-NG4211,DLV2-0711-NG4211/HPC39_6,2025-01-29 00:00:00,20068247.97,0,-20068247.97,18362801,-1705446.9699999988,18446840
2025-01-31 00:00:00,Settlement Posting-NG4211,DLV2-0711-NG4211/HPC39_6,2025-01-30 00:00:00,20068247.97,0,-20068247.97,18199545,-1868702.9699999988,18738328
2025-02-01 00:00:00,Settlement Posting-NG4211,DLV2-0711-NG4211/HPC39_6,2025-01-31 00:00:00,20068247.97,0,-20068247.97,18537984,-1530263.9699999988,18738328
2025-02-03 00:00:00,Settlement Posting-NG4211,DLV2-0711-NG4211/HPC39_6,2025-02-01 00:00:00,20068247.97,0,-20068247.97,18449602,-1618645.9699999988,18506953
2025-02-04 00:00:00,Settlement Posting-NG4211,DLV2-0711-NG4211/HPC39_6,2025-02-03 00:00:00,20068247.97,0,-20068247.97,18170004,-1898243.9699999988,18790745
2025-02-05 00:00:00,Settlement Posting-NG4211,DLV2-0711-NG4211/HPC39_6,2025-02-04 00:00:00,20068247.97,0,-20068247.97,18523999,-1544248.9699999988,19019720
2025-02-06 00:00:00,Settlement Posting-NG4211,DLV2-0711-NG4211/HPC39_6,2025-02-05 00:00:00,20068247.97,0,-20068247.97,18782863,-1285384.9699999988,18806376
2025-02-07 00:00:00,Settlement Posting-NG4211,DLV2-0711-NG4211/HPC39_6,2025-02-06 00:00:00,20068247.97,0,-20068247.97,18540811,-1527436.9699999988,18989226
2025-02-10 00:00:00,Settlement Posting-NG4211,DLV2-0711-NG4211/HPC39_6,2025-02-07 00:00:00,20068247.97,0,-20068247.97,18754639,-1313608.9699999988,18590318
2025-02-11 00:00:00,Settlement Posting-NG4211,DLV2-0711-NG4211/HPC39_6,2025-02-10 00:00:00,20068247.97,0,-20068247.97,18308548,-1759699.9699999988,18590318
2025-02-12 00:00:00,Settlement Posting-NG4211,DLV2-0711-NG4211/HPC39_6,2025-02-11 00:00:00,20068247.97,0,-20068247.97,17825146,-2243101.969999999,18590318
