Date,Narration,Bill No,Value Date,Debit,Credit,Premimum,Net,nifty 26/12/26   26000 PE,845.0
2025-01-03 00:00:00,Option Premium Bill (NFO) 02-01-2025,OPTDLY/HPC39_8-0201,2025-01-02 00:00:00,1211624.65,0,1214280,2655.35,,
2025-01-06 00:00:00,Option Premium Bill (NFO) 02-01-2025,OPTDLY/HPC39_8-0201,2025-01-03 00:00:00,1211624.65,0,1275345,63720.35,,
2025-01-07 00:00:00,Option Premium Bill (NFO) 02-01-2025,OPTDLY/HPC39_8-0201,2025-01-06 00:00:00,1211624.65,0,1476090,264465.35,,
2025-01-08 00:00:00,Option Premium Bill (NFO) 02-01-2025,OPTDLY/HPC39_8-0201,2025-01-07 00:00:00,1211624.65,0,1476900,265275.35,,
2025-01-09 00:00:00,Option Premium Bill (NFO) 02-01-2025,OPTDLY/HPC39_8-0201,2025-01-08 00:00:00,1211624.65,0,1451655,240030.35,,
2025-01-10 00:00:00,Option Premium Bill (NFO) 02-01-2025,OPTDLY/HPC39_8-0201,2025-01-09 00:00:00,1211624.65,0,1515600,303975.35,,
2025-01-13 00:00:00,Option Premium Bill (NFO) 02-01-2025,OPTDLY/HPC39_8-0201,2025-01-10 00:00:00,1211624.65,0,1581390,369765.35,,
2025-01-14 00:00:00,Option Premium Bill (NFO) 02-01-2025,OPTDLY/HPC39_8-0201,2025-01-13 00:00:00,1211624.65,0,1736235,524610.35,,
2025-01-15 00:00:00,Option Premium Bill (NFO) 02-01-2025,OPTDLY/HPC39_8-0201,2025-01-14 00:00:00,1211624.65,0,1764270,552645.35,,
2025-01-16 00:00:00,Option Premium Bill (NFO) 02-01-2025,OPTDLY/HPC39_8-0201,2025-01-15 00:00:00,1211624.65,0,1704105,492480.35,,
2025-01-17 00:00:00,Option Premium Bill (NFO) 02-01-2025,OPTDLY/HPC39_8-0201,2025-01-16 00:00:00,1211624.65,0,1628190,416565.35,,
2025-01-20 00:00:00,Option Premium Bill (NFO) 02-01-2025,OPTDLY/HPC39_8-0201,2025-01-17 00:00:00,1211624.65,0,1680795,469170.35,,
2025-01-21 00:00:00,Option Premium Bill (NFO) 02-01-2025,OPTDLY/HPC39_8-0201,2025-01-20 00:00:00,1211624.65,0,1633455,421830.35,,
2025-01-22 00:00:00,Option Premium Bill (NFO) 02-01-2025,OPTDLY/HPC39_8-0201,2025-01-21 00:00:00,1211624.65,0,1797345,585720.35,,
2025-01-23 00:00:00,Option Premium Bill (NFO) 02-01-2025,OPTDLY/HPC39_8-0201,2025-01-22 00:00:00,1211624.65,0,1765800,554175.35,,
2025-01-24 00:00:00,Option Premium Bill (NFO) 02-01-2025,OPTDLY/HPC39_8-0201,2025-01-23 00:00:00,1211624.65,0,1719000,507375.35,,
2025-01-27 00:00:00,Option Premium Bill (NFO) 02-01-2025,OPTDLY/HPC39_8-0201,2025-01-24 00:00:00,1211624.65,0,1794330,582705.35,,
2025-01-28 00:00:00,Option Premium Bill (NFO) 02-01-2025,OPTDLY/HPC39_8-0201,2025-01-27 00:00:00,1211624.65,0,1966770,755145.35,,
2025-01-29 00:00:00,Option Premium Bill (NFO) 02-01-2025,OPTDLY/HPC39_8-0201,2025-01-28 00:00:00,1211624.65,0,1884870,673245.35,,
2025-01-30 00:00:00,Option Premium Bill (NFO) 02-01-2025,OPTDLY/HPC39_8-0201,2025-01-29 00:00:00,1211624.65,0,1763865,552240.35,,
2025-01-31 00:00:00,Option Premium Bill (NFO) 02-01-2025,OPTDLY/HPC39_8-0201,2025-01-30 00:00:00,1211624.65,0,1658925,447300.35,,
2025-02-01 00:00:00,Option Premium Bill (NFO) 02-01-2025,OPTDLY/HPC39_8-0201,2025-01-31 00:00:00,1211624.65,0,1539450,327825.35,,
2025-02-03 00:00:00,Option Premium Bill (NFO) 02-01-2025,OPTDLY/HPC39_8-0201,2025-02-01 00:00:00,1211624.65,0,1548495,336870.35,,
2025-02-04 00:00:00,Option Premium Bill (NFO) 02-01-2025,OPTDLY/HPC39_8-0201,2025-02-03 00:00:00,1211624.65,0,1610370,398745.35,,
2025-02-05 00:00:00,Option Premium Bill (NFO) 02-01-2025,OPTDLY/HPC39_8-0201,2025-02-04 00:00:00,1211624.65,0,1451610,239985.35,,
2025-02-06 00:00:00,Option Premium Bill (NFO) 02-01-2025,OPTDLY/HPC39_8-0201,2025-02-05 00:00:00,1211624.65,0,1442700,231075.35,,
2025-02-07 00:00:00,Option Premium Bill (NFO) 02-01-2025,OPTDLY/HPC39_8-0201,2025-02-06 00:00:00,1211624.65,0,1498545,286920.35,,
2025-02-10 00:00:00,Option Premium Bill (NFO) 02-01-2025,OPTDLY/HPC39_8-0201,2025-02-07 00:00:00,1211624.65,0,1598445,386820.35,,
2025-02-11 00:00:00,Option Premium Bill (NFO) 02-01-2025,OPTDLY/HPC39_8-0201,2025-02-10 00:00:00,1211624.65,0,1642050,430425.35,,
2025-02-11 00:00:00,Option Premium Bill (NFO) 02-01-2025,OPTDLY/HPC39_8-0201,2025-02-11 00:00:00,1211624.65,0,1816560,604935.35,,
2025-02-13 00:00:00,Option Premium Bill (NFO) 02-01-2025,OPTDLY/HPC39_8-0201,2025-02-12 00:00:00,1211624.65,0,1814850,603225.35,,
2025-02-14 00:00:00,Option Premium Bill (NFO) 02-01-2025,OPTDLY/HPC39_8-0201,2025-02-13 00:00:00,1211624.65,0,1805535,593910.35,,
2025-02-17 00:00:00,Option Premium Bill (NFO) 02-01-2025,OPTDLY/HPC39_8-0201,2025-02-14 00:00:00,1211624.65,0,1850175,638550.35,,
2025-02-18 00:00:00,Option Premium Bill (NFO) 02-01-2025,OPTDLY/HPC39_8-0201,2025-02-17 00:00:00,1211624.65,0,1829565,617940.35,,
2025-02-19 00:00:00,Option Premium Bill (NFO) 02-01-2025,OPTDLY/HPC39_8-0201,2025-02-18 00:00:00,1211624.65,0,1885410,673785.35,,
2025-02-20 00:00:00,Option Premium Bill (NFO) 02-01-2025,OPTDLY/HPC39_8-0201,2025-02-19 00:00:00,1211624.65,0,1854585,642960.35,,
2025-02-21 00:00:00,Option Premium Bill (NFO) 02-01-2025,OPTDLY/HPC39_8-0201,2025-02-20 00:00:00,1211624.65,0,1867320,655695.35,,
2025-02-24 00:00:00,Option Premium Bill (NFO) 02-01-2025,OPTDLY/HPC39_8-0201,2025-02-21 00:00:00,1211624.65,0,1946070,734445.35,,
2025-02-25 00:00:00,Option Premium Bill (NFO) 02-01-2025,OPTDLY/HPC39_8-0201,2025-02-24 00:00:00,1211624.65,0,2070450,858825.35,,
2025-02-27 00:00:00,Option Premium Bill (NFO) 02-01-2025,OPTDLY/HPC39_8-0201,2025-02-25 00:00:00,1211624.65,0,2080980,869355.35,,
2025-02-28 00:00:00,Option Premium Bill (NFO) 02-01-2025,OPTDLY/HPC39_8-0201,2025-02-27 00:00:00,1211624.65,0,2082825,871200.35,,
2025-03-03 00:00:00,Option Premium Bill (NFO) 02-01-2025,OPTDLY/HPC39_8-0201,2025-02-28 00:00:00,1211624.65,0,2360070,1148445.35,,
2025-03-04 00:00:00,Option Premium Bill (NFO) 02-01-2025,OPTDLY/HPC39_8-0201,2025-03-03 00:00:00,1211624.65,0,2337255,1125630.35,,
2025-03-05 00:00:00,Option Premium Bill (NFO) 02-01-2025,OPTDLY/HPC39_8-0201,2025-03-04 00:00:00,1211624.65,0,2381895,1170270.35,,
2025-03-06 00:00:00,Option Premium Bill (NFO) 02-01-2025,OPTDLY/HPC39_8-0201,2025-03-05 00:00:00,1211624.65,0,2204730,993105.35,,
2025-03-07 00:00:00,Option Premium Bill (NFO) 02-01-2025,OPTDLY/HPC39_8-0201,2025-03-06 00:00:00,1211624.65,0,2103615,891990.35,,
2025-03-10 00:00:00,Option Premium Bill (NFO) 02-01-2025,OPTDLY/HPC39_8-0201,2025-03-07 00:00:00,1211624.65,0,2075850,864225.35,,
2025-03-11 00:00:00,Option Premium Bill (NFO) 02-01-2025,OPTDLY/HPC39_8-0201,2025-03-10 00:00:00,1211624.65,0,2152980,941355.35,,
2025-03-12 00:00:00,Option Premium Bill (NFO) 02-01-2025,OPTDLY/HPC39_8-0201,2025-03-11 00:00:00,1211624.65,0,2129130,917505.35,,
2025-03-13 00:00:00,Option Premium Bill (NFO) 02-01-2025,OPTDLY/HPC39_8-0201,2025-03-12 00:00:00,1211624.65,0,2162520,950895.35,,
2025-03-17 00:00:00,Option Premium Bill (NFO) 02-01-2025,OPTDLY/HPC39_8-0201,2025-03-13 00:00:00,1211624.65,0,2207880,996255.35,,
2025-03-18 00:00:00,Option Premium Bill (NFO) 02-01-2025,OPTDLY/HPC39_8-0201,2025-03-17 00:00:00,1211624.65,0,2104650,893025.35,,
2025-03-19 00:00:00,Option Premium Bill (NFO) 02-01-2025,OPTDLY/HPC39_8-0201,2025-03-18 00:00:00,1211624.65,0,1902600,690975.35,,
2025-03-20 00:00:00,Option Premium Bill (NFO) 02-01-2025,OPTDLY/HPC39_8-0201,2025-03-19 00:00:00,1211624.65,0,1850085,638460.35,,
2025-03-21 00:00:00,Option Premium Bill (NFO) 02-01-2025,OPTDLY/HPC39_8-0201,2025-03-20 00:00:00,1211624.65,0,1700190,488565.35,,
2025-03-24 00:00:00,Option Premium Bill (NFO) 02-01-2025,OPTDLY/HPC39_8-0201,2025-03-21 00:00:00,1211624.65,0,1556595,344970.35,,
2025-03-25 00:00:00,Option Premium Bill (NFO) 02-01-2025,OPTDLY/HPC39_8-0201,2025-03-24 00:00:00,1211624.65,0,1395765,184140.35,,
2025-03-26 00:00:00,Option Premium Bill (NFO) 02-01-2025,OPTDLY/HPC39_8-0201,2025-03-25 00:00:00,1211624.65,0,1408770,197145.35,,
2025-03-27 00:00:00,Option Premium Bill (NFO) 02-01-2025,OPTDLY/HPC39_8-0201,2025-03-26 00:00:00,1211624.65,0,1499535,287910.35,,
2025-03-28 00:00:00,Option Premium Bill (NFO) 02-01-2025,OPTDLY/HPC39_8-0201,2025-03-27 00:00:00,1211624.65,0,1454715,243090.35,,
2025-04-01 00:00:00,Option Premium Bill (NFO) 02-01-2025,OPTDLY/HPC39_8-0201,2025-03-28 00:00:00,1211624.65,0,1565865,354240.35,,
2025-04-02 00:00:00,Option Premium Bill (NFO) 02-01-2025,OPTDLY/HPC39_8-0201,2025-04-01 00:00:00,1211624.65,0,1739655,528030.35,,
2025-04-03 00:00:00,Option Premium Bill (NFO) 02-01-2025,OPTDLY/HPC39_8-0201,2025-04-02 00:00:00,1211624.65,0,1684710,473085.35,,
2025-04-04 00:00:00,Option Premium Bill (NFO) 02-01-2025,OPTDLY/HPC39_8-0201,2025-04-03 00:00:00,1211624.65,0,1738215,526590.35,,
2025-04-07 00:00:00,Option Premium Bill (NFO) 02-01-2025,OPTDLY/HPC39_8-0201,2025-04-04 00:00:00,1211624.65,0,2002185,790560.35,,
2025-04-08 00:00:00,Option Premium Bill (NFO) 02-01-2025,OPTDLY/HPC39_8-0201,2025-04-07 00:00:00,1211624.65,0,2543445,1331820.35,,
2025-04-09 00:00:00,Option Premium Bill (NFO) 02-01-2025,OPTDLY/HPC39_8-0201,2025-04-08 00:00:00,1211624.65,0,2264130,1052505.35,,
2025-04-11 00:00:00,Option Premium Bill (NFO) 02-01-2025,OPTDLY/HPC39_8-0201,2025-04-09 00:00:00,1211624.65,0,2412810,1201185.35,,
2025-04-15 00:00:00,Option Premium Bill (NFO) 02-01-2025,OPTDLY/HPC39_8-0201,2025-04-11 00:00:00,1211624.65,0,2119185,907560.35,,
2025-04-16 00:00:00,Option Premium Bill (NFO) 02-01-2025,OPTDLY/HPC39_8-0201,2025-04-15 00:00:00,1211624.65,0,1775115,563490.35,,
2025-04-17 00:00:00,Option Premium Bill (NFO) 02-01-2025,OPTDLY/HPC39_8-0201,2025-04-16 00:00:00,1211624.65,0,1726335,514710.35,,
2025-04-21 00:00:00,Option Premium Bill (NFO) 02-01-2025,OPTDLY/HPC39_8-0201,2025-04-17 00:00:00,1211624.65,0,1512450,300825.35,,
2025-04-22 00:00:00,Option Premium Bill (NFO) 02-01-2025,OPTDLY/HPC39_8-0201,2025-04-21 00:00:00,1211624.65,0,1359540,147915.35,,
2025-04-23 00:00:00,Option Premium Bill (NFO) 02-01-2025,OPTDLY/HPC39_8-0201,2025-04-22 00:00:00,1211624.65,0,1341360,129735.35,,
2025-04-24 00:00:00,Option Premium Bill (NFO) 02-01-2025,OPTDLY/HPC39_8-0201,2025-04-23 00:00:00,1211624.65,0,1250055,38430.35,,
2025-04-25 00:00:00,Option Premium Bill (NFO) 02-01-2025,OPTDLY/HPC39_8-0201,2025-04-24 00:00:00,1211624.65,0,1276110,64485.35,,
2025-04-28 00:00:00,Option Premium Bill (NFO) 02-01-2025,OPTDLY/HPC39_8-0201,2025-04-25 00:00:00,1211624.65,0,1407645,196020.35,,
2025-04-29 00:00:00,Option Premium Bill (NFO) 02-01-2025,OPTDLY/HPC39_8-0201,2025-04-28 00:00:00,1211624.65,0,1242360,30735.35,,
2025-04-30 00:00:00,Option Premium Bill (NFO) 02-01-2025,OPTDLY/HPC39_8-0201,2025-04-29 00:00:00,1211624.65,0,1224135,12510.35,,
2025-05-02 00:00:00,Option Premium Bill (NFO) 02-01-2025,OPTDLY/HPC39_8-0201,2025-04-30 00:00:00,1211624.65,0,1253205,41580.35,,
2025-05-05 00:00:00,Option Premium Bill (NFO) 02-01-2025,OPTDLY/HPC39_8-0201,2025-05-02 00:00:00,1211624.65,0,1256355,44730.35,,
2025-05-06 00:00:00,Option Premium Bill (NFO) 02-01-2025,OPTDLY/HPC39_8-0201,2025-05-05 00:00:00,1211624.65,0,1183005,-28619.65,,
2025-05-07 00:00:00,Option Premium Bill (NFO) 02-01-2025,OPTDLY/HPC39_8-0201,2025-05-06 00:00:00,1211624.65,0,1268370,56745.35,,
2025-05-08 00:00:00,Option Premium Bill (NFO) 02-01-2025,OPTDLY/HPC39_8-0201,2025-05-07 00:00:00,1211624.65,0,1228320,16695.35,,
2025-05-09 00:00:00,Option Premium Bill (NFO) 02-01-2025,OPTDLY/HPC39_8-0201,2025-05-08 00:00:00,1211624.65,0,1353150,141525.35,,
2025-05-12 00:00:00,Option Premium Bill (NFO) 02-01-2025,OPTDLY/HPC39_8-0201,2025-05-09 00:00:00,1211624.65,0,1435500,223875.35,,
2025-05-13 00:00:00,Option Premium Bill (NFO) 02-01-2025,OPTDLY/HPC39_8-0201,2025-05-12 00:00:00,1211624.65,0,964215,-247409.65,,
2025-05-14 00:00:00,Option Premium Bill (NFO) 02-01-2025,OPTDLY/HPC39_8-0201,2025-05-13 00:00:00,1211624.65,0,1110105,-101519.65,,
2025-05-15 00:00:00,Option Premium Bill (NFO) 02-01-2025,OPTDLY/HPC39_8-0201,2025-05-14 00:00:00,1211624.65,0,1067940,-143684.65,,
2025-05-16 00:00:00,Option Premium Bill (NFO) 02-01-2025,OPTDLY/HPC39_8-0201,2025-05-15 00:00:00,1211624.65,0,914355,-297269.65,,
2025-05-19 00:00:00,Option Premium Bill (NFO) 02-01-2025,OPTDLY/HPC39_8-0201,2025-05-16 00:00:00,1211624.65,0,906615,-305009.65,,
2025-05-20 00:00:00,Option Premium Bill (NFO) 02-01-2025,OPTDLY/HPC39_8-0201,2025-05-19 00:00:00,1211624.65,0,962100,-249524.65,,
2025-05-21 00:00:00,Option Premium Bill (NFO) 02-01-2025,OPTDLY/HPC39_8-0201,2025-05-20 00:00:00,1211624.65,0,1043775,-167849.65,,
2025-05-22 00:00:00,Option Premium Bill (NFO) 02-01-2025,OPTDLY/HPC39_8-0201,2025-05-21 00:00:00,1211624.65,0,1035585,-176039.65,,
2025-05-23 00:00:00,Option Premium Bill (NFO) 02-01-2025,OPTDLY/HPC39_8-0201,2025-05-22 00:00:00,1211624.65,0,1102995,-108629.65,,
2025-05-26 00:00:00,Option Premium Bill (NFO) 02-01-2025,OPTDLY/HPC39_8-0201,2025-05-23 00:00:00,1211624.65,0,1023660,-187964.65,,
2025-05-27 00:00:00,Option Premium Bill (NFO) 02-01-2025,OPTDLY/HPC39_8-0201,2025-05-26 00:00:00,1211624.65,0,976680,-234944.65,,
2025-05-28 00:00:00,Option Premium Bill (NFO) 02-01-2025,OPTDLY/HPC39_8-0201,2025-05-27 00:00:00,1211624.65,0,1041075,-170549.65,,
2025-05-29 00:00:00,Option Premium Bill (NFO) 02-01-2025,OPTDLY/HPC39_8-0201,2025-05-28 00:00:00,1211624.65,0,1068660,-142964.65,,
2025-05-30 00:00:00,Option Premium Bill (NFO) 02-01-2025,OPTDLY/HPC39_8-0201,2025-05-29 00:00:00,1211624.65,0,1027485,-184139.65,,
2025-06-02 00:00:00,Option Premium Bill (NFO) 02-01-2025,OPTDLY/HPC39_8-0201,2025-05-30 00:00:00,1211624.65,0,1065105,-146519.65,,
2025-06-03 00:00:00,Option Premium Bill (NFO) 02-01-2025,OPTDLY/HPC39_8-0201,2025-06-02 00:00:00,1211624.65,0,1104795,-106829.65,,
2025-06-06 00:00:00,Option Premium Bill (NFO) 02-01-2025,OPTDLY/HPC39_8-0201,2025-06-03 00:00:00,1211624.65,0,1151235,-60389.65,,
2025-06-05 00:00:00,Option Premium Bill (NFO) 02-01-2025,OPTDLY/HPC39_8-0201,2025-06-04 00:00:00,1211624.65,0,1126170,-85454.65,,
2025-06-06 00:00:00,Option Premium Bill (NFO) 02-01-2025,OPTDLY/HPC39_8-0201,2025-06-05 00:00:00,1211624.65,0,1056870,-154754.65,,
2025-06-09 00:00:00,Option Premium Bill (NFO) 02-01-2025,OPTDLY/HPC39_8-0201,2025-06-06 00:00:00,1211624.65,0,952470,-259154.65,,
2025-06-10 00:00:00,Option Premium Bill (NFO) 02-01-2025,OPTDLY/HPC39_8-0201,2025-06-09 00:00:00,1211624.65,0,910215,-301409.65,,
2025-06-11 00:00:00,Option Premium Bill (NFO) 02-01-2025,OPTDLY/HPC39_8-0201,2025-06-10 00:00:00,1211624.65,0,915345,-296279.65,,
2025-06-12 00:00:00,Option Premium Bill (NFO) 02-01-2025,OPTDLY/HPC39_8-0201,2025-06-11 00:00:00,1211624.65,0,887985,-323639.65,,
2025-06-13 00:00:00,Option Premium Bill (NFO) 02-01-2025,OPTDLY/HPC39_8-0201,2025-06-12 00:00:00,1211624.65,0,1013220,-198404.65,,
2025-06-16 00:00:00,Option Premium Bill (NFO) 02-01-2025,OPTDLY/HPC39_8-0201,2025-06-13 00:00:00,1211624.65,0,1111140,-100484.65,,
2025-06-17 00:00:00,Option Premium Bill (NFO) 02-01-2025,OPTDLY/HPC39_8-0201,2025-06-16 00:00:00,1211624.65,0,982350,-229274.65,,
2025-06-18 00:00:00,Option Premium Bill (NFO) 02-01-2025,OPTDLY/HPC39_8-0201,2025-06-17 00:00:00,1211624.65,0,1037565,-174059.65,,
2025-06-19 00:00:00,Option Premium Bill (NFO) 02-01-2025,OPTDLY/HPC39_8-0201,2025-06-18 00:00:00,1211624.65,0,1057995,-153629.65,,
2025-06-20 00:00:00,Option Premium Bill (NFO) 02-01-2025,OPTDLY/HPC39_8-0201,2025-06-19 00:00:00,1211624.65,0,1062135,-149489.65,,
2025-06-23 00:00:00,Option Premium Bill (NFO) 02-01-2025,OPTDLY/HPC39_8-0201,2025-06-20 00:00:00,1211624.65,0,927675,-283949.65,,
2025-06-24 00:00:00,Option Premium Bill (NFO) 02-01-2025,OPTDLY/HPC39_8-0201,2025-06-23 00:00:00,1211624.65,0,964980,-246644.65,,
2025-06-25 00:00:00,Option Premium Bill (NFO) 02-01-2025,OPTDLY/HPC39_8-0201,2025-06-24 00:00:00,1211624.65,0,907245,-304379.65,,
2025-06-26 00:00:00,Option Premium Bill (NFO) 02-01-2025,OPTDLY/HPC39_8-0201,2025-06-25 00:00:00,1211624.65,0,836100,-375524.65,,
2025-06-27 00:00:00,Option Premium Bill (NFO) 02-01-2025,OPTDLY/HPC39_8-0201,2025-06-26 00:00:00,1211624.65,0,721530,-490094.65,,
2025-06-30 00:00:00,Option Premium Bill (NFO) 02-01-2025,OPTDLY/HPC39_8-0201,2025-06-27 00:00:00,1211624.65,0,662400,-549224.65,,
2025-07-01 00:00:00,Option Premium Bill (NFO) 02-01-2025,OPTDLY/HPC39_8-0201,2025-06-30 00:00:00,1211624.65,0,708345,-503279.65,,
2025-07-02 00:00:00,Option Premium Bill (NFO) 02-01-2025,OPTDLY/HPC39_8-0201,2025-07-01 00:00:00,1211624.65,0,688050,-523574.65,,
2025-07-03 00:00:00,Option Premium Bill (NFO) 02-01-2025,OPTDLY/HPC39_8-0201,2025-07-02 00:00:00,1211624.65,0,715725,-495899.65,,
2025-07-04 00:00:00,Option Premium Bill (NFO) 02-01-2025,OPTDLY/HPC39_8-0201,2025-07-03 00:00:00,1211624.65,0,729360,-482264.65,,
2025-07-07 00:00:00,Option Premium Bill (NFO) 02-01-2025,OPTDLY/HPC39_8-0201,2025-07-04 00:00:00,1211624.65,0,706545,-505079.65,,
2025-07-08 00:00:00,Option Premium Bill (NFO) 02-01-2025,OPTDLY/HPC39_8-0201,2025-07-07 00:00:00,1211624.65,0,703530,-508094.65,,
2025-07-09 00:00:00,Option Premium Bill (NFO) 02-01-2025,OPTDLY/HPC39_8-0201,2025-07-08 00:00:00,1211624.65,0,666720,-544904.65,,
2025-07-10 00:00:00,Option Premium Bill (NFO) 02-01-2025,OPTDLY/HPC39_8-0201,2025-07-09 00:00:00,1211624.65,0,674685,-536939.65,,
2025-07-11 00:00:00,Option Premium Bill (NFO) 02-01-2025,OPTDLY/HPC39_8-0201,2025-07-10 00:00:00,1211624.65,0,708120,-503504.65,,
2025-07-14 00:00:00,Option Premium Bill (NFO) 02-01-2025,OPTDLY/HPC39_8-0201,2025-07-11 00:00:00,1211624.65,0,786240,-425384.65,,
2025-07-15 00:00:00,Option Premium Bill (NFO) 02-01-2025,OPTDLY/HPC39_8-0201,2025-07-14 00:00:00,1211624.65,0,795555,-416069.65,,
2025-07-16 00:00:00,Option Premium Bill (NFO) 02-01-2025,OPTDLY/HPC39_8-0201,2025-07-15 00:00:00,1211624.65,0,750150,-461474.65,,
2025-07-17 00:00:00,Option Premium Bill (NFO) 02-01-2025,OPTDLY/HPC39_8-0201,2025-07-16 00:00:00,1211624.65,0,736065,-475559.65,,
2025-07-18 00:00:00,Option Premium Bill (NFO) 02-01-2025,OPTDLY/HPC39_8-0201,2025-07-17 00:00:00,1211624.65,0,756495,-455129.65,,
2025-07-21 00:00:00,Option Premium Bill (NFO) 02-01-2025,OPTDLY/HPC39_8-0201,2025-07-18 00:00:00,1211624.65,0,828720,-382904.65,,
2025-07-22 00:00:00,Option Premium Bill (NFO) 02-01-2025,OPTDLY/HPC39_8-0201,2025-07-21 00:00:00,1211624.65,0,770985,-440639.65,,
2025-07-23 00:00:00,Option Premium Bill (NFO) 02-01-2025,OPTDLY/HPC39_8-0201,2025-07-22 00:00:00,1211624.65,0,766440,-445184.65,,
2025-07-24 00:00:00,Option Premium Bill (NFO) 02-01-2025,OPTDLY/HPC39_8-0201,2025-07-23 00:00:00,1211624.65,0,689220,-522404.65,,
2025-07-25 00:00:00,Option Premium Bill (NFO) 02-01-2025,OPTDLY/HPC39_8-0201,2025-07-24 00:00:00,1211624.65,0,760050,-451574.65,,
2025-07-28 00:00:00,Option Premium Bill (NFO) 02-01-2025,OPTDLY/HPC39_8-0201,2025-07-25 00:00:00,1211624.65,0,886140,-325484.65,,
2025-07-29 00:00:00,Option Premium Bill (NFO) 02-01-2025,OPTDLY/HPC39_8-0201,2025-07-28 00:00:00,1211624.65,0,970740,-240884.65,,
2025-07-30 00:00:00,Option Premium Bill (NFO) 02-01-2025,OPTDLY/HPC39_8-0201,2025-07-29 00:00:00,1211624.65,0,895995,-315629.65,,
2025-07-31 00:00:00,Option Premium Bill (NFO) 02-01-2025,OPTDLY/HPC39_8-0201,2025-07-30 00:00:00,1211624.65,0,877185,-334439.65,,
2025-08-01 00:00:00,Option Premium Bill (NFO) 02-01-2025,OPTDLY/HPC39_8-0201,2025-07-31 00:00:00,1211624.65,0,920925,-290699.65,,
2025-08-04 00:00:00,Option Premium Bill (NFO) 02-01-2025,OPTDLY/HPC39_8-0201,2025-08-01 00:00:00,1211624.65,0,1056600,-155024.65,,
2025-08-05 00:00:00,Option Premium Bill (NFO) 02-01-2025,OPTDLY/HPC39_8-0201,2025-08-04 00:00:00,1211624.65,0,967680,-243944.65,,
2025-08-06 00:00:00,Option Premium Bill (NFO) 02-01-2025,OPTDLY/HPC39_8-0201,2025-08-05 00:00:00,1211624.65,0,1007820,-203804.65,,
2025-08-07 00:00:00,Option Premium Bill (NFO) 02-01-2025,OPTDLY/HPC39_8-0201,2025-08-06 00:00:00,1211624.65,0,1062360,-149264.65,,
2025-08-08 00:00:00,Option Premium Bill (NFO) 02-01-2025,OPTDLY/HPC39_8-0201,2025-08-07 00:00:00,1211624.65,0,1019880,-191744.65,,
2025-08-11 00:00:00,Option Premium Bill (NFO) 02-01-2025,OPTDLY/HPC39_8-0201,2025-08-08 00:00:00,1211624.65,0,1163475,-48149.65,,
2025-08-12 00:00:00,Option Premium Bill (NFO) 02-01-2025,OPTDLY/HPC39_8-0201,2025-08-11 00:00:00,1211624.65,0,1057410,-154214.65,,
2025-08-13 00:00:00,Option Premium Bill (NFO) 02-01-2025,OPTDLY/HPC39_8-0201,2025-08-12 00:00:00,1211624.65,0,1097280,-114344.65,,
2025-08-14 00:00:00,Option Premium Bill (NFO) 02-01-2025,OPTDLY/HPC39_8-0201,2025-08-13 00:00:00,1211624.65,0,1000350,-211274.65,,
2025-08-18 00:00:00,Option Premium Bill (NFO) 02-01-2025,OPTDLY/HPC39_8-0201,2025-08-14 00:00:00,1211624.65,0,1021815,-189809.65,,
2025-08-19 00:00:00,Option Premium Bill (NFO) 02-01-2025,OPTDLY/HPC39_8-0201,2025-08-18 00:00:00,1211624.65,0,852210,-359414.65,,
2025-08-20 00:00:00,Option Premium Bill (NFO) 02-01-2025,OPTDLY/HPC39_8-0201,2025-08-19 00:00:00,1211624.65,0,810270,-401354.65,,
2025-08-21 00:00:00,Option Premium Bill (NFO) 02-01-2025,OPTDLY/HPC39_8-0201,2025-08-20 00:00:00,1211624.65,0,775755,-435869.65,,
2025-08-22 00:00:00,Option Premium Bill (NFO) 02-01-2025,OPTDLY/HPC39_8-0201,2025-08-21 00:00:00,1211624.65,0,746730,-464894.65,,
2025-08-25 00:00:00,Option Premium Bill (NFO) 02-01-2025,OPTDLY/HPC39_8-0201,2025-08-22 00:00:00,1211624.65,0,872235,-339389.65,,
2025-08-26 00:00:00,Option Premium Bill (NFO) 02-01-2025,OPTDLY/HPC39_8-0201,2025-08-25 00:00:00,1211624.65,0,813555,-398069.65,,
2025-08-28 00:00:00,Option Premium Bill (NFO) 02-01-2025,OPTDLY/HPC39_8-0201,2025-08-26 00:00:00,1211624.65,0,969345,-242279.65,,
2025-08-29 00:00:00,Option Premium Bill (NFO) 02-01-2025,OPTDLY/HPC39_8-0201,2025-08-28 00:00:00,1211624.65,0,1098360,-113264.65,,
2025-09-01 00:00:00,Option Premium Bill (NFO) 02-01-2025,OPTDLY/HPC39_8-0201,2025-08-29 00:00:00,1211624.65,0,1153080,-58544.65,,
2025-09-02 00:00:00,Option Premium Bill (NFO) 02-01-2025,OPTDLY/HPC39_8-0201,2025-09-01 00:00:00,1211624.65,0,1008675,-202949.65,,
2025-09-03 00:00:00,Option Premium Bill (NFO) 02-01-2025,OPTDLY/HPC39_8-0201,2025-09-02 00:00:00,1211624.65,0,1045845,-165779.65,,
2025-09-04 00:00:00,Option Premium Bill (NFO) 02-01-2025,OPTDLY/HPC39_8-0201,2025-09-03 00:00:00,1211624.65,0,964935,-246689.65,,
2025-09-09 00:00:00,Option Premium Bill (NFO) 02-01-2025,OPTDLY/HPC39_8-0201,2025-09-04 00:00:00,1211624.65,0,953640,-257984.65,,
2025-09-09 00:00:00,Option Premium Bill (NFO) 02-01-2025,OPTDLY/HPC39_8-0201,2025-09-05 00:00:00,1211624.65,0,932040,-279584.65,,
2025-09-09 00:00:00,Option Premium Bill (NFO) 02-01-2025,OPTDLY/HPC39_8-0201,2025-09-08 00:00:00,1211624.65,0,899055,-312569.65,,
2025-09-10 00:00:00,Option Premium Bill (NFO) 02-01-2025,OPTDLY/HPC39_8-0201,2025-09-09 00:00:00,1211624.65,0,855855,-355769.65,,
2025-09-11 00:00:00,Option Premium Bill (NFO) 02-01-2025,OPTDLY/HPC39_8-0201,2025-09-10 00:00:00,1211624.65,0,779985,-431639.65,,
2025-09-12 00:00:00,Option Premium Bill (NFO) 02-01-2025,OPTDLY/HPC39_8-0201,2025-09-11 00:00:00,1211624.65,0,756810,-454814.65,,
2025-09-15 00:00:00,Option Premium Bill (NFO) 02-01-2025,OPTDLY/HPC39_8-0201,2025-09-12 00:00:00,1211624.65,0,696825,-514799.65,,
2025-09-16 00:00:00,Option Premium Bill (NFO) 02-01-2025,OPTDLY/HPC39_8-0201,2025-09-15 00:00:00,1211624.65,0,716850,-494774.65,,
2025-09-17 00:00:00,Option Premium Bill (NFO) 02-01-2025,OPTDLY/HPC39_8-0201,2025-09-16 00:00:00,1211624.65,0,617850,-593774.65,,
2025-09-18 00:00:00,Option Premium Bill (NFO) 02-01-2025,OPTDLY/HPC39_8-0201,2025-09-17 00:00:00,1211624.65,0,575370,-636254.65,,
2025-09-19 00:00:00,Option Premium Bill (NFO) 02-01-2025,OPTDLY/HPC39_8-0201,2025-09-18 00:00:00,1211624.65,0,525690,-685934.65,,
2025-09-22 00:00:00,Option Premium Bill (NFO) 02-01-2025,OPTDLY/HPC39_8-0201,2025-09-19 00:00:00,1211624.65,0,579285,-632339.65,,
2025-09-23 00:00:00,Option Premium Bill (NFO) 02-01-2025,OPTDLY/HPC39_8-0201,2025-09-22 00:00:00,1211624.65,0,644625,-566999.65,,
2025-09-24 00:00:00,Option Premium Bill (NFO) 02-01-2025,OPTDLY/HPC39_8-0201,2025-09-23 00:00:00,1211624.65,0,645120,-566504.65,,
2025-09-25 00:00:00,Option Premium Bill (NFO) 02-01-2025,OPTDLY/HPC39_8-0201,2025-09-24 00:00:00,1211624.65,0,713070,-498554.65,,
2025-09-26 00:00:00,Option Premium Bill (NFO) 02-01-2025,OPTDLY/HPC39_8-0201,2025-09-25 00:00:00,1211624.65,0,791280,-420344.65,,
2025-09-29 00:00:00,Option Premium Bill (NFO) 02-01-2025,OPTDLY/HPC39_8-0201,2025-09-26 00:00:00,1211624.65,0,972180,-239444.65,,
2025-09-30 00:00:00,Option Premium Bill (NFO) 02-01-2025,OPTDLY/HPC39_8-0201,2025-09-29 00:00:00,1211624.65,0,967545,-244079.65,,
2025-10-01 00:00:00,Option Premium Bill (NFO) 02-01-2025,OPTDLY/HPC39_8-0201,2025-09-30 00:00:00,1211624.65,0,980235,-231389.65,,
2025-10-03 00:00:00,Option Premium Bill (NFO) 02-01-2025,OPTDLY/HPC39_8-0201,2025-10-01 00:00:00,1211624.65,0,850410,-361214.65,,
2025-10-06 00:00:00,Option Premium Bill (NFO) 02-01-2025,OPTDLY/HPC39_8-0201,2025-10-03 00:00:00,1211624.65,0,812925,-398699.65,,
2025-10-07 00:00:00,Option Premium Bill (NFO) 02-01-2025,OPTDLY/HPC39_8-0201,2025-10-06 00:00:00,1211624.65,0,695430,-516194.65,,
2025-10-08 00:00:00,Option Premium Bill (NFO) 02-01-2025,OPTDLY/HPC39_8-0201,2025-10-07 00:00:00,1211624.65,0,666585,-545039.65,,
2025-10-09 00:00:00,Option Premium Bill (NFO) 02-01-2025,OPTDLY/HPC39_8-0201,2025-10-08 00:00:00,1211624.65,0,735165,-476459.65,,
2025-10-10 00:00:00,Option Premium Bill (NFO) 02-01-2025,OPTDLY/HPC39_8-0201,2025-10-09 00:00:00,1211624.65,0,643050,-568574.65,,
2025-10-13 00:00:00,Option Premium Bill (NFO) 02-01-2025,OPTDLY/HPC39_8-0201,2025-10-10 00:00:00,1211624.65,0,565020,-646604.65,,
2025-10-14 00:00:00,Option Premium Bill (NFO) 02-01-2025,OPTDLY/HPC39_8-0201,2025-10-13 00:00:00,1211624.65,0,618795,-592829.65,,
2025-10-15 00:00:00,Option Premium Bill (NFO) 02-01-2025,OPTDLY/HPC39_8-0201,2025-10-14 00:00:00,1211624.65,0,679680,-531944.65,,
2025-10-16 00:00:00,Option Premium Bill (NFO) 02-01-2025,OPTDLY/HPC39_8-0201,2025-10-15 00:00:00,1211624.65,0,549810,-661814.65,,
2025-10-17 00:00:00,Option Premium Bill (NFO) 02-01-2025,OPTDLY/HPC39_8-0201,2025-10-16 00:00:00,1211624.65,0,454140,-757484.65,,
2025-10-20 00:00:00,Option Premium Bill (NFO) 02-01-2025,OPTDLY/HPC39_8-0201,2025-10-17 00:00:00,1211624.65,0,436815,-774809.65,,
2025-10-23 00:00:00,Option Premium Bill (NFO) 02-01-2025,OPTDLY/HPC39_8-0201,2025-10-20 00:00:00,1211624.65,0,355320,-856304.65,,
2025-10-23 00:00:00,Option Premium Bill (NFO) 02-01-2025,OPTDLY/HPC39_8-0201,2025-10-21 00:00:00,1211624.65,0,354105,-857519.65,,
2025-10-24 00:00:00,Option Premium Bill (NFO) 02-01-2025,OPTDLY/HPC39_8-0201,2025-10-23 00:00:00,1211624.65,0,327285,-884339.65,,
2025-10-27 00:00:00,Option Premium Bill (NFO) 02-01-2025,OPTDLY/HPC39_8-0201,2025-10-24 00:00:00,1211624.65,0,378135,-833489.65,,
2025-10-28 00:00:00,Option Premium Bill (NFO) 02-01-2025,OPTDLY/HPC39_8-0201,2025-10-27 00:00:00,1211624.65,0,298530,-913094.65,,
2025-10-29 00:00:00,Option Premium Bill (NFO) 02-01-2025,OPTDLY/HPC39_8-0201,2025-10-28 00:00:00,1211624.65,0,319590,-892034.65,,
2025-10-30 00:00:00,Option Premium Bill (NFO) 02-01-2025,OPTDLY/HPC39_8-0201,2025-10-29 00:00:00,1211624.65,0,268425,-943199.65,,
2025-10-31 00:00:00,Option Premium Bill (NFO) 02-01-2025,OPTDLY/HPC39_8-0201,2025-10-30 00:00:00,1211624.65,0,325800,-885824.65,,
2025-11-03 00:00:00,Option Premium Bill (NFO) 02-01-2025,OPTDLY/HPC39_8-0201,2025-10-31 00:00:00,1211624.65,0,367335,-844289.65,,
2025-11-04 00:00:00,Option Premium Bill (NFO) 02-01-2025,OPTDLY/HPC39_8-0201,2025-11-03 00:00:00,1211624.65,0,367245,-844379.65,,
2025-11-06 00:00:00,Option Premium Bill (NFO) 02-01-2025,OPTDLY/HPC39_8-0201,2025-11-04 00:00:00,1211624.65,0,439695,-771929.65,,
2025-11-07 00:00:00,Option Premium Bill (NFO) 06-11-2025,OPTDLY/HPC39_8-0611,2025-11-06 00:00:00,1265137.15,0,517770,-747367.15,,
2025-11-10 00:00:00,Option Premium Bill (NFO) 06-11-2025,OPTDLY/HPC39_8-0611,2025-11-07 00:00:00,1265137.15,0,534420,-730717.15,,
2025-11-11 00:00:00,Option Premium Bill (NFO) 06-11-2025,OPTDLY/HPC39_8-0611,2025-11-10 00:00:00,1265137.15,0,497565,-767572.15,,
2025-11-12 00:00:00,Option Premium Bill (NFO) 06-11-2025,OPTDLY/HPC39_8-0611,2025-11-11 00:00:00,1265137.15,0,465255,-799882.15,,
2025-11-13 00:00:00,Option Premium Bill (NFO) 06-11-2025,OPTDLY/HPC39_8-0611,2025-11-12 00:00:00,1265137.15,0,409365,-855772.15,,
2025-11-14 00:00:00,Option Premium Bill (NFO) 06-11-2025,OPTDLY/HPC39_8-0611,2025-11-13 00:00:00,1265137.15,0,419895,-845242.15,,
2025-11-17 00:00:00,Option Premium Bill (NFO) 06-11-2025,OPTDLY/HPC39_8-0611,2025-11-14 00:00:00,1265137.15,0,417780,-847357.15,,
2025-11-18 00:00:00,Option Premium Bill (NFO) 06-11-2025,OPTDLY/HPC39_8-0611,2025-11-17 00:00:00,1265137.15,0,385290,-879847.15,,
2025-11-19 00:00:00,Option Premium Bill (NFO) 06-11-2025,OPTDLY/HPC39_8-0611,2025-11-18 00:00:00,1265137.15,0,415170,-849967.15,,
2025-11-20 00:00:00,Option Premium Bill (NFO) 06-11-2025,OPTDLY/HPC39_8-0611,2025-11-19 00:00:00,1265137.15,0,386460,-878677.15,,
2025-11-21 00:00:00,Option Premium Bill (NFO) 06-11-2025,OPTDLY/HPC39_8-0611,2025-11-20 00:00:00,1265137.15,0,343665,-921472.15,,
2025-11-24 00:00:00,Option Premium Bill (NFO) 06-11-2025,OPTDLY/HPC39_8-0611,2025-11-21 00:00:00,1265137.15,0,385020,-880117.15,,
2025-11-25 00:00:00,Option Premium Bill (NFO) 06-11-2025,OPTDLY/HPC39_8-0611,2025-11-24 00:00:00,1265137.15,0,400995,-864142.15,,
2025-11-26 00:00:00,Option Premium Bill (NFO) 06-11-2025,OPTDLY/HPC39_8-0611,2025-11-25 00:00:00,1265137.15,0,418635,-846502.15,,
2025-11-27 00:00:00,Option Premium Bill (NFO) 06-11-2025,OPTDLY/HPC39_8-0611,2025-11-26 00:00:00,1265137.15,0,338355,-926782.15,,
2025-11-28 00:00:00,Option Premium Bill (NFO) 06-11-2025,OPTDLY/HPC39_8-0611,2025-11-27 00:00:00,1265137.15,0,322965,-942172.15,,
2025-12-01 00:00:00,Option Premium Bill (NFO) 06-11-2025,OPTDLY/HPC39_8-0611,2025-11-28 00:00:00,1265137.15,0,316845,-948292.15,,
2025-12-02 00:00:00,Option Premium Bill (NFO) 06-11-2025,OPTDLY/HPC39_8-0611,2025-12-01 00:00:00,1265137.15,0,323955,-941182.15,,
2025-12-03 00:00:00,Option Premium Bill (NFO) 06-11-2025,OPTDLY/HPC39_8-0611,2025-12-02 00:00:00,1265137.15,0,343350,-921787.15,,
2025-12-04 00:00:00,Option Premium Bill (NFO) 06-11-2025,OPTDLY/HPC39_8-0611,2025-12-03 00:00:00,1265137.15,0,355905,-909232.15,,
2025-12-05 00:00:00,Option Premium Bill (NFO) 06-11-2025,OPTDLY/HPC39_8-0611,2025-12-04 00:00:00,1265137.15,0,340245,-924892.15,,
2025-12-08 00:00:00,Option Premium Bill (NFO) 06-11-2025,OPTDLY/HPC39_8-0611,2025-12-05 00:00:00,1265137.15,0,293400,-971737.15,,
2025-12-09 00:00:00,Option Premium Bill (NFO) 06-11-2025,OPTDLY/HPC39_8-0611,2025-12-08 00:00:00,1265137.15,0,362250,-902887.15,,
2025-12-10 00:00:00,Option Premium Bill (NFO) 06-11-2025,OPTDLY/HPC39_8-0611,2025-12-09 00:00:00,1265137.15,0,380295,-884842.15,,
2025-12-11 00:00:00,Option Premium Bill (NFO) 06-11-2025,OPTDLY/HPC39_8-0611,2025-12-10 00:00:00,1265137.15,0,407790,-857347.15,,
2025-12-12 00:00:00,Option Premium Bill (NFO) 06-11-2025,OPTDLY/HPC39_8-0611,2025-12-11 00:00:00,1265137.15,0,358470,-906667.15,,
2025-12-15 00:00:00,Option Premium Bill (NFO) 06-11-2025,OPTDLY/HPC39_8-0611,2025-12-12 00:00:00,1265137.15,0,312615,-952522.15,,
2025-12-16 00:00:00,Option Premium Bill (NFO) 06-11-2025,OPTDLY/HPC39_8-0611,2025-12-15 00:00:00,1265137.15,0,316980,-948157.15,,
2025-12-17 00:00:00,Option Premium Bill (NFO) 06-11-2025,OPTDLY/HPC39_8-0611,2025-12-16 00:00:00,1265137.15,0,357930,-907207.15,,
2025-12-18 00:00:00,Option Premium Bill (NFO) 06-11-2025,OPTDLY/HPC39_8-0611,2025-12-17 00:00:00,1265137.15,0,363600,-901537.15,,
2025-12-19 00:00:00,Option Premium Bill (NFO) 06-11-2025,OPTDLY/HPC39_8-0611,2025-12-18 00:00:00,1265137.15,0,354465,-910672.15,,
2025-12-22 00:00:00,Option Premium Bill (NFO) 06-11-2025,OPTDLY/HPC39_8-0611,2025-12-19 00:00:00,1265137.15,0,311400,-953737.15,,
2025-12-23 00:00:00,Option Premium Bill (NFO) 06-11-2025,OPTDLY/HPC39_8-0611,2025-12-22 00:00:00,1265137.15,0,257400,-1007737.15,,
2025-12-24 00:00:00,Option Premium Bill (NFO) 06-11-2025,OPTDLY/HPC39_8-0611,2025-12-23 00:00:00,1265137.15,0,250785,-1014352.15,,
2025-12-26 00:00:00,Option Premium Bill (NFO) 06-11-2025,OPTDLY/HPC39_8-0611,2025-12-24 00:00:00,1265137.15,0,254250,-1010887.15,,
2025-12-29 00:00:00,Option Premium Bill (NFO) 06-11-2025,OPTDLY/HPC39_8-0611,2025-12-26 00:00:00,1265137.15,0,281250,-983887.15,,
2025-12-30 00:00:00,Option Premium Bill (NFO) 06-11-2025,OPTDLY/HPC39_8-0611,2025-12-29 00:00:00,1265137.15,0,318555,-946582.15,,
2025-12-31 00:00:00,Option Premium Bill (NFO) 06-11-2025,OPTDLY/HPC39_8-0611,2025-12-30 00:00:00,1265137.15,0,310725,-954412.15,,
2026-01-01 00:00:00,Option Premium Bill (NFO) 06-11-2025,OPTDLY/HPC39_8-0611,2025-12-31 00:00:00,1265137.15,0,255240,-1009897.15,,
2026-01-02 00:00:00,Option Premium Bill (NFO) 06-11-2025,OPTDLY/HPC39_8-0611,2026-01-01 00:00:00,1265137.15,0,249390,-1015747.15,,
2026-01-05 00:00:00,Option Premium Bill (NFO) 06-11-2025,OPTDLY/HPC39_8-0611,2026-01-02 00:00:00,1265137.15,0,219870,-1045267.15,,
2026-01-06 00:00:00,Option Premium Bill (NFO) 06-11-2025,OPTDLY/HPC39_8-0611,2026-01-05 00:00:00,1265137.15,0,242010,-1023127.15,,
2026-01-07 00:00:00,Option Premium Bill (NFO) 06-11-2025,OPTDLY/HPC39_8-0611,2026-01-06 00:00:00,1265137.15,0,254790,-1010347.15,,
2026-01-08 00:00:00,Option Premium Bill (NFO) 06-11-2025,OPTDLY/HPC39_8-0611,2026-01-07 00:00:00,1265137.15,0,259695,-1005442.15,,
2026-01-09 00:00:00,Option Premium Bill (NFO) 06-11-2025,OPTDLY/HPC39_8-0611,2026-01-08 00:00:00,1265137.15,0,337095,-928042.15,,
2026-01-12 00:00:00,Option Premium Bill (NFO) 06-11-2025,OPTDLY/HPC39_8-0611,2026-01-09 00:00:00,1265137.15,0,404955,-860182.15,,
2026-01-13 00:00:00,Option Premium Bill (NFO) 06-11-2025,OPTDLY/HPC39_8-0611,2026-01-12 00:00:00,1265137.15,0,370080,-895057.15,,
2026-01-14 00:00:00,Option Premium Bill (NFO) 06-11-2025,OPTDLY/HPC39_8-0611,2026-01-13 00:00:00,1265137.15,0,393075,-872062.15,,
2026-01-16 00:00:00,Option Premium Bill (NFO) 06-11-2025,OPTDLY/HPC39_8-0611,2026-01-14 00:00:00,1265137.15,0,419580,-845557.15,,
2026-01-19 00:00:00,Option Premium Bill (NFO) 06-11-2025,OPTDLY/HPC39_8-0611,2026-01-16 00:00:00,1265137.15,0,400815,-864322.15,,
2026-01-20 00:00:00,Option Premium Bill (NFO) 06-11-2025,OPTDLY/HPC39_8-0611,2026-01-19 00:00:00,1265137.15,0,464130,-801007.15,,
2026-01-21 00:00:00,Option Premium Bill (NFO) 06-11-2025,OPTDLY/HPC39_8-0611,2026-01-20 00:00:00,1265137.15,0,650520,-614617.15,,
2026-01-22 00:00:00,Option Premium Bill (NFO) 06-11-2025,OPTDLY/HPC39_8-0611,2026-01-21 00:00:00,1265137.15,0,715275,-549862.15,,
2026-01-23 00:00:00,Option Premium Bill (NFO) 06-11-2025,OPTDLY/HPC39_8-0611,2026-01-22 00:00:00,1265137.15,0,603810,-661327.15,,
2026-01-27 00:00:00,Option Premium Bill (NFO) 06-11-2025,OPTDLY/HPC39_8-0611,2026-01-23 00:00:00,1265137.15,0,770310,-494827.15,,
2026-01-28 00:00:00,Option Premium Bill (NFO) 06-11-2025,OPTDLY/HPC39_8-0611,2026-01-27 00:00:00,1265137.15,0,669960,-595177.15,,
2026-01-29 00:00:00,Option Premium Bill (NFO) 06-11-2025,OPTDLY/HPC39_8-0611,2026-01-28 00:00:00,1265137.15,0,608670,-656467.15,,
2026-01-30 00:00:00,Option Premium Bill (NFO) 06-11-2025,OPTDLY/HPC39_8-0611,2026-01-29 00:00:00,1265137.15,0,559305,-705832.15,,
2026-02-02 00:00:00,Option Premium Bill (NFO) 06-11-2025,OPTDLY/HPC39_8-0611,2026-01-30 00:00:00,1265137.15,0,619290,-645847.15,,
2026-02-02 00:00:00,Option Premium Bill (NFO) 06-11-2025,OPTDLY/HPC39_8-0611,2026-02-01 00:00:00,1265137.15,0,982215,-282922.15,,
2026-02-03 00:00:00,Option Premium Bill (NFO) 06-11-2025,OPTDLY/HPC39_8-0611,2026-02-02 00:00:00,1265137.15,0,788625,-476512.15,,
2026-02-04 00:00:00,Option Premium Bill (NFO) 06-11-2025,OPTDLY/HPC39_8-0611,2026-02-03 00:00:00,1265137.15,0,413685,-851452.15,,
2026-02-05 00:00:00,Option Premium Bill (NFO) 06-11-2025,OPTDLY/HPC39_8-0611,2026-02-04 00:00:00,1265137.15,0,382455,-882682.15,,
2026-02-06 00:00:00,Option Premium Bill (NFO) 06-11-2025,OPTDLY/HPC39_8-0611,2026-02-05 00:00:00,1265137.15,0,428265,-836872.15,,
2026-02-09 00:00:00,Option Premium Bill (NFO) 06-11-2025,OPTDLY/HPC39_8-0611,2026-02-06 00:00:00,1265137.15,0,415980,-849157.15,,
2026-02-10 00:00:00,Option Premium Bill (NFO) 06-11-2025,OPTDLY/HPC39_8-0611,2026-02-09 00:00:00,1265137.15,0,329175,-935962.15,,
2026-02-11 00:00:00,Option Premium Bill (NFO) 06-11-2025,OPTDLY/HPC39_8-0611,2026-02-10 00:00:00,1265137.15,0,289530,-975607.15,,
2026-02-12 00:00:00,Option Premium Bill (NFO) 06-11-2025,OPTDLY/HPC39_8-0611,2026-02-11 00:00:00,1265137.15,0,274410,-990727.15,,
2026-02-13 00:00:00,Option Premium Bill (NFO) 06-11-2025,OPTDLY/HPC39_8-0611,2026-02-12 00:00:00,1265137.15,0,325530,-939607.15,,
2026-02-16 00:00:00,Option Premium Bill (NFO) 06-11-2025,OPTDLY/HPC39_8-0611,2026-02-13 00:00:00,1265137.15,0,498015,-767122.15,,
2026-02-17 00:00:00,Option Premium Bill (NFO) 06-11-2025,OPTDLY/HPC39_8-0611,2026-02-16 00:00:00,1265137.15,0,394335,-870802.15,,
2026-02-18 00:00:00,Option Premium Bill (NFO) 06-11-2025,OPTDLY/HPC39_8-0611,2026-02-17 00:00:00,1265137.15,0,377595,-887542.15,,
2026-02-19 00:00:00,Option Premium Bill (NFO) 06-11-2025,OPTDLY/HPC39_8-0611,2026-02-18 00:00:00,1265137.15,0,321795,-943342.15,,
2026-02-20 00:00:00,Option Premium Bill (NFO) 06-11-2025,OPTDLY/HPC39_8-0611,2026-02-19 00:00:00,1265137.15,0,531630,-733507.15,,
2026-02-23 00:00:00,Option Premium Bill (NFO) 06-11-2025,OPTDLY/HPC39_8-0611,2026-02-20 00:00:00,1265137.15,0,450900,-814237.15,,
2026-02-24 00:00:00,Option Premium Bill (NFO) 06-11-2025,OPTDLY/HPC39_8-0611,2026-02-23 00:00:00,1265137.15,0,388395,-876742.15,,
2026-02-25 00:00:00,Option Premium Bill (NFO) 06-11-2025,OPTDLY/HPC39_8-0611,2026-02-24 00:00:00,1265137.15,0,529875,-735262.15,,
2026-02-26 00:00:00,Option Premium Bill (NFO) 06-11-2025,OPTDLY/HPC39_8-0611,2026-02-25 00:00:00,1265137.15,0,492705,-772432.15,,
2026-02-27 00:00:00,Option Premium Bill (NFO) 06-11-2025,OPTDLY/HPC39_8-0611,2026-02-26 00:00:00,1265137.15,0,481410,-783727.15,,
2026-03-02 00:00:00,Option Premium Bill (NFO) 06-11-2025,OPTDLY/HPC39_8-0611,2026-02-27 00:00:00,1265137.15,0,685620,-579517.15,,
2026-03-04 00:00:00,Option Premium Bill (NFO) 06-11-2025,OPTDLY/HPC39_8-0611,2026-03-02 00:00:00,1265137.15,0,972135,-293002.15,,
2026-03-05 00:00:00,Option Premium Bill (NFO) 06-11-2025,OPTDLY/HPC39_8-0611,2026-03-04 00:00:00,1265137.15,0,1309905,44767.85,,
2026-03-06 00:00:00,Option Premium Bill (NFO) 06-11-2025,OPTDLY/HPC39_8-0611,2026-03-05 00:00:00,1265137.15,0,1064025,-201112.15,,
2026-03-09 00:00:00,Option Premium Bill (NFO) 06-03-2026,OPTDLY/HPC39_8-0603,2026-03-06 00:00:00,1265137.15,53202.06,1206634.75,-5300.34,,
2026-03-10 00:00:00,Option Premium Bill (NFO) 06-03-2026,OPTDLY/HPC39_8-0603,2026-03-09 00:00:00,1265137.15,53202.06,1461166,249230.91,,
2026-03-11 00:00:00,Option Premium Bill (NFO) 06-03-2026,OPTDLY/HPC39_8-0603,2026-03-10 00:00:00,1265137.15,53202.06,1241213,29277.91,,
2026-03-12 00:00:00,Option Premium Bill (NFO) 06-03-2026,OPTDLY/HPC39_8-0603,2026-03-11 00:00:00,1265137.15,53202.06,1512220,300284.91,,
2026-03-13 00:00:00,Option Premium Bill (NFO) 06-03-2026,OPTDLY/HPC39_8-0603,2026-03-12 00:00:00,1265137.15,53202.06,1611196,399260.91,,
2026-03-16 00:00:00,Option Premium Bill (NFO) 06-03-2026,OPTDLY/HPC39_8-0603,2026-03-13 00:00:00,1265137.15,53202.06,1888358,676422.91,,
2026-03-17 00:00:00,Option Premium Bill (NFO) 06-03-2026,OPTDLY/HPC39_8-0603,2026-03-16 00:00:00,1265137.15,53202.06,1769070,557134.91,,
2026-03-18 00:00:00,Option Premium Bill (NFO) 06-03-2026,OPTDLY/HPC39_8-0603,2026-03-17 00:00:00,1265137.15,53202.06,1627062,415126.91,,
2026-03-19 00:00:00,Option Premium Bill (NFO) 06-03-2026,OPTDLY/HPC39_8-0603,2026-03-18 00:00:00,1265137.15,53202.06,1530047,318111.91,,
2026-03-20 00:00:00,Option Premium Bill (NFO) 06-03-2026,OPTDLY/HPC39_8-0603,2026-03-19 00:00:00,1265137.15,53202.06,2005597,793661.91,,
2026-03-23 00:00:00,Option Premium Bill (NFO) 06-03-2026,OPTDLY/HPC39_8-0603,2026-03-20 00:00:00,1265137.15,53202.06,1922300,710364.91,,
2026-03-24 00:00:00,Option Premium Bill (NFO) 06-03-2026,OPTDLY/HPC39_8-0603,2026-03-23 00:00:00,1265137.15,53202.06,2368781,1156845.91,,
2026-03-25 00:00:00,Option Premium Bill (NFO) 06-03-2026,OPTDLY/HPC39_8-0603,2026-03-24 00:00:00,1265137.15,53202.06,2069397,857461.91,,
2026-03-27 00:00:00,Option Premium Bill (NFO) 06-03-2026,OPTDLY/HPC39_8-0603,2026-03-25 00:00:00,1265137.15,53202.06,1829979,618043.91,,
2026-03-30 00:00:00,Option Premium Bill (NFO) 06-03-2026,OPTDLY/HPC39_8-0603,2026-03-27 00:00:00,1265137.15,53202.06,2168156,956220.91,,
2026-04-01 00:00:00,Option Premium Bill (NFO) 06-03-2026,OPTDLY/HPC39_8-0603,2026-03-30 00:00:00,1265137.15,254722.84,2295104,1284689.69,,
2026-04-02 00:00:00,Option Premium Bill (NFO) 06-03-2026,OPTDLY/HPC39_8-0603,2026-04-01 00:00:00,1265137.15,254722.84,2026352,1015937.69,,
2026-04-06 00:00:00,Option Premium Bill (NFO) 06-03-2026,OPTDLY/HPC39_8-0603,2026-04-02 00:00:00,1265137.15,254722.84,2013466,1003051.69,,
2026-04-07 00:00:00,Option Premium Bill (NFO) 06-03-2026,OPTDLY/HPC39_8-0603,2026-04-06 00:00:00,1265137.15,254722.84,1849113,838698.69,,
2026-04-08 00:00:00,Option Premium Bill (NFO) 06-03-2026,OPTDLY/HPC39_8-0603,2026-04-07 00:00:00,1265137.15,254722.84,1787513,777098.69,,
2026-04-09 00:00:00,Option Premium Bill (NFO) 06-03-2026,OPTDLY/HPC39_8-0603,2026-04-08 00:00:00,1265137.15,254722.84,1273203,262788.69,,
2026-04-10 00:00:00,Option Premium Bill (NFO) 06-03-2026,OPTDLY/HPC39_8-0603,2026-04-09 00:00:00,1265137.15,254722.84,1366829,356414.69,,
2026-04-13 00:00:00,Option Premium Bill (NFO) 06-03-2026,OPTDLY/HPC39_8-0603,2026-04-10 00:00:00,1265137.15,254722.84,1253980,243565.69,,
2026-04-15 00:00:00,Option Premium Bill (NFO) 06-03-2026,OPTDLY/HPC39_8-0603,2026-04-13 00:00:00,1265137.15,254722.84,1373378,362963.69,,
2026-04-16 00:00:00,Option Premium Bill (NFO) 06-03-2026,OPTDLY/HPC39_8-0603,2026-04-15 00:00:00,1265137.15,254722.84,1160523,150108.69,,
2026-04-17 00:00:00,Option Premium Bill (NFO) 06-03-2026,OPTDLY/HPC39_8-0603,2026-04-16 00:00:00,1265137.15,254722.84,1167832,157417.69,,
2026-04-20 00:00:00,Option Premium Bill (NFO) 06-03-2026,OPTDLY/HPC39_8-0603,2026-04-17 00:00:00,1265137.15,254722.84,1097739,87324.69,,
2026-04-21 00:00:00,Option Premium Bill (NFO) 06-03-2026,OPTDLY/HPC39_8-0603,2026-04-20 00:00:00,1265137.15,254722.84,1116836,106421.69,,
2026-04-22 00:00:00,Option Premium Bill (NFO) 06-03-2026,OPTDLY/HPC39_8-0603,2026-04-21 00:00:00,1265137.15,254722.84,991438,-18976.31,,
2026-04-23 00:00:00,Option Premium Bill (NFO) 06-03-2026,OPTDLY/HPC39_8-0603,2026-04-22 00:00:00,1265137.15,254722.84,1080036,69621.69,,
2026-04-24 00:00:00,Option Premium Bill (NFO) 06-03-2026,OPTDLY/HPC39_8-0603,2026-04-23 00:00:00,1265137.15,254722.84,1193224,182809.69,,
2026-04-27 00:00:00,Option Premium Bill (NFO) 06-03-2026,OPTDLY/HPC39_8-0603,2026-04-24 00:00:00,1265137.15,254722.84,1323101,312686.69,,
2026-04-28 00:00:00,Option Premium Bill (NFO) 06-03-2026,OPTDLY/HPC39_8-0603,2026-04-27 00:00:00,1265137.15,254722.84,1228123,217708.69,,
2026-04-29 00:00:00,Option Premium Bill (NFO) 06-03-2026,OPTDLY/HPC39_8-0603,2026-04-28 00:00:00,1265137.15,254722.84,1303285,292870.69,,
2026-04-30 00:00:00,Option Premium Bill (NFO) 06-03-2026,OPTDLY/HPC39_8-0603,2026-04-29 00:00:00,1265137.15,254722.84,1204632,194217.69,,
2026-05-04 00:00:00,Option Premium Bill (NFO) 06-03-2026,OPTDLY/HPC39_8-0603,2026-04-30 00:00:00,1265137.15,254722.84,1310214,299799.69,,
2026-05-05 00:00:00,Option Premium Bill (NFO) 06-03-2026,OPTDLY/HPC39_8-0603,2026-05-04 00:00:00,1265137.15,254722.84,1244135,233720.69,,
2026-05-06 00:00:00,Option Premium Bill (NFO) 06-03-2026,OPTDLY/HPC39_8-0603,2026-05-05 00:00:00,1265137.15,254722.84,1298976,288561.69,,
2026-05-07 00:00:00,Option Premium Bill (NFO) 06-03-2026,OPTDLY/HPC39_8-0603,2026-05-06 00:00:00,1265137.15,254722.84,1112611,102196.69,,
2026-05-08 00:00:00,Option Premium Bill (NFO) 06-03-2026,OPTDLY/HPC39_8-0603,2026-05-07 00:00:00,1265137.15,254722.84,1126342,115927.69,,
2026-05-11 00:00:00,Option Premium Bill (NFO) 06-03-2026,OPTDLY/HPC39_8-0603,2026-05-08 00:00:00,1265137.15,254722.84,1201252,190837.69,,
2026-05-12 00:00:00,Option Premium Bill (NFO) 06-03-2026,OPTDLY/HPC39_8-0603,2026-05-11 00:00:00,1265137.15,254722.84,1391250,380835.69,,
2026-05-13 00:00:00,Option Premium Bill (NFO) 06-03-2026,OPTDLY/HPC39_8-0603,2026-05-12 00:00:00,1265137.15,254722.84,1626920,616505.69,,
2026-05-14 00:00:00,Option Premium Bill (NFO) 06-03-2026,OPTDLY/HPC39_8-0603,2026-05-13 00:00:00,1265137.15,254722.84,1627385,616970.69,,
2026-05-15 00:00:00,Option Premium Bill (NFO) 06-03-2026,OPTDLY/HPC39_8-0603,2026-05-14 00:00:00,1265137.15,254722.84,1495185,484770.69,,
2026-05-18 00:00:00,Option Premium Bill (NFO) 06-03-2026,OPTDLY/HPC39_8-0603,2026-05-15 00:00:00,1265137.15,254722.84,1536801,526386.69,,
2026-05-19 00:00:00,Option Premium Bill (NFO) 06-03-2026,OPTDLY/HPC39_8-0603,2026-05-18 00:00:00,1265137.15,254722.84,1550575,540160.69,,
2026-05-20 00:00:00,Option Premium Bill (NFO) 06-03-2026,OPTDLY/HPC39_8-0603,2026-05-19 00:00:00,1265137.15,254722.84,1561222,550807.69,,
2026-05-21 00:00:00,Option Premium Bill (NFO) 06-03-2026,OPTDLY/HPC39_8-0603,2026-05-20 00:00:00,1265137.15,254722.84,1531351,520936.69,,
2026-05-22 00:00:00,Option Premium Bill (NFO) 06-03-2026,OPTDLY/HPC39_8-0603,2026-05-21 00:00:00,1265137.15,254722.84,1535956,525541.69,,
2026-05-25 00:00:00,Option Premium Bill (NFO) 06-03-2026,OPTDLY/HPC39_8-0603,2026-05-22 00:00:00,1265137.15,254722.84,1470891,460476.69,,
2026-05-26 00:00:00,Option Premium Bill (NFO) 06-03-2026,OPTDLY/HPC39_8-0603,2026-05-25 00:00:00,1265137.15,254722.84,1288118,277703.69,,
2026-05-27 00:00:00,Option Premium Bill (NFO) 06-03-2026,OPTDLY/HPC39_8-0603,2026-05-26 00:00:00,1265137.15,254722.84,1342747,332332.69,,
2026-05-29 00:00:00,Option Premium Bill (NFO) 06-03-2026,OPTDLY/HPC39_8-0603,2026-05-27 00:00:00,1265137.15,254722.84,1339409,328994.69,,
2026-06-01 00:00:00,Option Premium Bill (NFO) 06-03-2026,OPTDLY/HPC39_8-0603,2026-05-29 00:00:00,1265137.15,254722.84,1481623,471208.69,,
2026-06-02 00:00:00,Option Premium Bill (NFO) 06-03-2026,OPTDLY/HPC39_8-0603,2026-06-01 00:00:00,1265137.15,254722.84,1646398,635983.69,,
2026-06-03 00:00:00,Option Premium Bill (NFO) 06-03-2026,OPTDLY/HPC39_8-0603,2026-06-02 00:00:00,1265137.15,254722.84,1547659,537244.69,,
2026-06-04 00:00:00,Option Premium Bill (NFO) 06-03-2026,OPTDLY/HPC39_8-0603,2026-06-03 00:00:00,1265137.15,254722.84,1578967,568552.69,,
2026-06-05 00:00:00,Option Premium Bill (NFO) 06-03-2026,OPTDLY/HPC39_8-0603,2026-06-04 00:00:00,1265137.15,254722.84,1608204,597789.69,,
2026-06-08 00:00:00,Option Premium Bill (NFO) 06-03-2026,OPTDLY/HPC39_8-0603,2026-06-05 00:00:00,1265137.15,254722.84,1632835,622420.69,,
2026-06-09 00:00:00,Option Premium Bill (NFO) 06-03-2026,OPTDLY/HPC39_8-0603,2026-06-08 00:00:00,1265137.15,254722.84,1814933,804518.69,,
2026-06-10 00:00:00,Option Premium Bill (NFO) 06-03-2026,OPTDLY/HPC39_8-0603,2026-06-09 00:00:00,1265137.15,254722.84,1700942,690527.69,,
2026-06-11 00:00:00,Option Premium Bill (NFO) 06-03-2026,OPTDLY/HPC39_8-0603,2026-06-10 00:00:00,1265137.15,254722.84,1786625,776210.69,,
2026-06-12 00:00:00,Option Premium Bill (NFO) 06-03-2026,OPTDLY/HPC39_8-0603,2026-06-11 00:00:00,1265137.15,254722.84,1815271,804856.69,,
2026-06-15 00:00:00,Option Premium Bill (NFO) 06-03-2026,OPTDLY/HPC39_8-0603,2026-06-12 00:00:00,1265137.15,254722.84,1514789,504374.69,,
2026-06-16 00:00:00,Option Premium Bill (NFO) 06-03-2026,OPTDLY/HPC39_8-0603,2026-06-15 00:00:00,1265137.15,254722.84,1352971,342556.69,,
2026-06-17 00:00:00,Option Premium Bill (NFO) 06-03-2026,OPTDLY/HPC39_8-0603,2026-06-16 00:00:00,1265137.15,254722.84,1297497,287082.69,,
2026-06-18 00:00:00,Option Premium Bill (NFO) 06-03-2026,OPTDLY/HPC39_8-0603,2026-06-17 00:00:00,1265137.15,254722.84,1251149,240734.69,,
2026-06-19 00:00:00,Option Premium Bill (NFO) 06-03-2026,OPTDLY/HPC39_8-0603,2026-06-18 00:00:00,1265137.15,254722.84,1170620,160205.69,,
2026-06-22 00:00:00,Option Premium Bill (NFO) 06-03-2026,OPTDLY/HPC39_8-0603,2026-06-19 00:00:00,1265137.15,254722.84,1239657,229242.69,,
2026-06-23 00:00:00,Option Premium Bill (NFO) 06-03-2026,OPTDLY/HPC39_8-0603,2026-06-22 00:00:00,1265137.15,254722.84,1196520,186105.69,,
2026-06-24 00:00:00,Option Premium Bill (NFO) 06-03-2026,OPTDLY/HPC39_8-0603,2026-06-23 00:00:00,1265137.15,254722.84,1371646,361231.69,,
2026-06-25 00:00:00,Option Premium Bill (NFO) 06-03-2026,OPTDLY/HPC39_8-0603,2026-06-24 00:00:00,1265137.15,254722.84,1246037,235622.69,,
2026-06-29 00:00:00,Option Premium Bill (NFO) 06-03-2026,OPTDLY/HPC39_8-0603,2026-06-25 00:00:00,1265137.15,254722.84,1218743,208328.69,,
2026-06-30 00:00:00,Option Premium Bill (NFO) 06-03-2026,OPTDLY/HPC39_8-0603,2026-06-29 00:00:00,1265137.15,254722.84,1285540,275125.69,,
2026-07-01 00:00:00,Option Premium Bill (NFO) 06-03-2026,OPTDLY/HPC39_8-0603,2026-06-30 00:00:00,1265137.15,254722.84,1284315,273900.69,,
2026-07-02 00:00:00,Option Premium Bill (NFO) 06-03-2026,OPTDLY/HPC39_8-0603,2026-07-01 00:00:00,1265137.15,254722.84,1271133,260718.69,,
2026-07-03 00:00:00,Option Premium Bill (NFO) 06-03-2026,OPTDLY/HPC39_8-0603,2026-07-02 00:00:00,1265137.15,254722.84,1173493,163078.69,,
2026-07-06 00:00:00,Option Premium Bill (NFO) 06-03-2026,OPTDLY/HPC39_8-0603,2026-07-03 00:00:00,1265137.15,254722.84,1107921,97506.69,,
2026-07-07 00:00:00,Option Premium Bill (NFO) 06-03-2026,OPTDLY/HPC39_8-0603,2026-07-06 00:00:00,1265137.15,254722.84,1032463,22048.69,,
2026-07-08 00:00:00,Option Premium Bill (NFO) 06-03-2026,OPTDLY/HPC39_8-0603,2026-07-07 00:00:00,1265137.15,254722.84,1052067,41652.69,,
2026-07-09 00:00:00,Option Premium Bill (NFO) 06-03-2026,OPTDLY/HPC39_8-0603,2026-07-08 00:00:00,1265137.15,254722.84,1370970,360555.69,,
2026-07-10 00:00:00,Option Premium Bill (NFO) 06-03-2026,OPTDLY/HPC39_8-0603,2026-07-09 00:00:00,1265137.15,254722.84,1324368,313953.69,,
2026-07-13 00:00:00,Option Premium Bill (NFO) 06-03-2026,OPTDLY/HPC39_8-0603,2026-07-10 00:00:00,1265137.15,254722.84,1168212,157797.69,,
2026-07-14 00:00:00,Option Premium Bill (NFO) 06-03-2026,OPTDLY/HPC39_8-0603,2026-07-13 00:00:00,1265137.15,254722.84,1169142,158727.69,,
2026-07-15 00:00:00,Option Premium Bill (NFO) 06-03-2026,OPTDLY/HPC39_8-0603,2026-07-14 00:00:00,1265137.15,254722.84,1305187,294772.69,,
2026-07-16 00:00:00,Option Premium Bill (NFO) 06-03-2026,OPTDLY/HPC39_8-0603,2026-07-15 00:00:00,1265137.15,254722.84,1270668,260253.69,,
2026-07-17 00:00:00,Option Premium Bill (NFO) 06-03-2026,OPTDLY/HPC39_8-0603,2026-07-16 00:00:00,1265137.15,254722.84,1246332,235917.69,,
2026-07-20 00:00:00,Option Premium Bill (NFO) 06-03-2026,OPTDLY/HPC39_8-0603,2026-07-17 00:00:00,1265137.15,254722.84,1127906,117491.69,,
2026-07-21 00:00:00,Option Premium Bill (NFO) 06-03-2026,OPTDLY/HPC39_8-0603,2026-07-20 00:00:00,1265137.15,254722.84,1160692,150277.69,,
2026-07-22 00:00:00,Option Premium Bill (NFO) 06-03-2026,OPTDLY/HPC39_8-0603,2026-07-21 00:00:00,1265137.15,254722.84,1202139,191724.69,,
2026-07-23 00:00:00,Option Premium Bill (NFO) 06-03-2026,OPTDLY/HPC39_8-0603,2026-07-22 00:00:00,1265137.15,254722.84,1317946,307531.69,,
2026-07-24 00:00:00,Option Premium Bill (NFO) 06-03-2026,OPTDLY/HPC39_8-0603,2026-07-23 00:00:00,1265137.15,254722.84,1399996,389581.69,,
2026-07-27 00:00:00,Option Premium Bill (NFO) 06-03-2026,OPTDLY/HPC39_8-0603,2026-07-24 00:00:00,1265137.15,254722.84,1450231,439816.69,,
2026-07-28 00:00:00,Option Premium Bill (NFO) 06-03-2026,OPTDLY/HPC39_8-0603,2026-07-27 00:00:00,1265137.15,254722.84,1290653,280238.69,,
2026-07-29 00:00:00,Option Premium Bill (NFO) 06-03-2026,OPTDLY/HPC39_8-0603,2026-07-28 00:00:00,1265137.15,254722.84,1296061,285646.69,,
2026-07-30 00:00:00,Option Premium Bill (NFO) 06-03-2026,OPTDLY/HPC39_8-0603,2026-07-29 00:00:00,1265137.15,254722.84,1173578,163163.69,,
2026-07-31 00:00:00,Option Premium Bill (NFO) 06-03-2026,OPTDLY/HPC39_8-0603,2026-07-30 00:00:00,1265137.15,254722.84,1144721,134306.69,,
2026-08-03 00:00:00,Option Premium Bill (NFO) 06-03-2026,OPTDLY/HPC39_8-0603,2026-07-31 00:00:00,1265137.15,254722.84,1087261,76846.69,,
2026-08-04 00:00:00,Option Premium Bill (NFO) 06-03-2026,OPTDLY/HPC39_8-0603,2026-08-03 00:00:00,1265137.15,254722.84,964947,-45467.31,,
2026-08-05 00:00:00,Option Premium Bill (NFO) 06-03-2026,OPTDLY/HPC39_8-0603,2026-08-04 00:00:00,1265137.15,254722.84,990255,-20159.31,,
2026-08-06 00:00:00,Option Premium Bill (NFO) 06-03-2026,OPTDLY/HPC39_8-0603,2026-08-05 00:00:00,1265137.15,254722.84,934189,-76225.31,,
2026-08-07 00:00:00,Option Premium Bill (NFO) 06-03-2026,OPTDLY/HPC39_8-0603,2026-08-06 00:00:00,1265137.15,254722.84,891770,-118644.31,,
2026-08-10 00:00:00,Option Premium Bill (NFO) 06-03-2026,OPTDLY/HPC39_8-0603,2026-08-07 00:00:00,1265137.15,254722.84,933936,-76478.31,,
2026-08-11 00:00:00,Option Premium Bill (NFO) 06-03-2026,OPTDLY/HPC39_8-0603,2026-08-10 00:00:00,1265137.15,254722.84,929331,-81083.31,,
2026-08-12 00:00:00,Option Premium Bill (NFO) 06-03-2026,OPTDLY/HPC39_8-0603,2026-08-11 00:00:00,1265137.15,254722.84,984213,-26201.31,,
2026-08-13 00:00:00,Option Premium Bill (NFO) 06-03-2026,OPTDLY/HPC39_8-0603,2026-08-12 00:00:00,1265137.15,254722.84,1019915,9500.69,,
2026-08-14 00:00:00,Option Premium Bill (NFO) 06-03-2026,OPTDLY/HPC39_8-0603,2026-08-13 00:00:00,1265137.15,254722.84,1009479,-935.31,,
2026-08-17 00:00:00,Option Premium Bill (NFO) 06-03-2026,OPTDLY/HPC39_8-0603,2026-08-14 00:00:00,1265137.15,254722.84,1019408,8993.69,,
2026-08-18 00:00:00,Option Premium Bill (NFO) 06-03-2026,OPTDLY/HPC39_8-0603,2026-08-17 00:00:00,1265137.15,254722.84,1039941,29526.69,,
2026-08-19 00:00:00,Option Premium Bill (NFO) 06-03-2026,OPTDLY/HPC39_8-0603,2026-08-18 00:00:00,1265137.15,254722.84,1147383,136968.69,,
2026-08-20 00:00:00,Option Premium Bill (NFO) 06-03-2026,OPTDLY/HPC39_8-0603,2026-08-19 00:00:00,1265137.15,254722.84,1215870,205455.69,,
2026-08-21 00:00:00,Option Premium Bill (NFO) 06-03-2026,OPTDLY/HPC39_8-0603,2026-08-20 00:00:00,1265137.15,254722.84,1108513,98098.69,,
2026-08-24 00:00:00,Option Premium Bill (NFO) 06-03-2026,OPTDLY/HPC39_8-0603,2026-08-21 00:00:00,1265137.15,254722.84,1114259,103844.69,,
2026-08-25 00:00:00,Option Premium Bill (NFO) 06-03-2026,OPTDLY/HPC39_8-0603,2026-08-24 00:00:00,1265137.15,254722.84,1159213,148798.69,,
2026-08-26 00:00:00,Option Premium Bill (NFO) 06-03-2026,OPTDLY/HPC39_8-0603,2026-08-25 00:00:00,1265137.15,254722.84,1061615,51200.69,,
2026-08-27 00:00:00,Option Premium Bill (NFO) 06-03-2026,OPTDLY/HPC39_8-0603,2026-08-26 00:00:00,1265137.15,254722.84,1079107,68692.69,,
2026-08-28 00:00:00,Option Premium Bill (NFO) 06-03-2026,OPTDLY/HPC39_8-0603,2026-08-27 00:00:00,1265137.15,254722.84,1183000,172585.69,,
2026-08-31 00:00:00,Option Premium Bill (NFO) 06-03-2026,OPTDLY/HPC39_8-0603,2026-08-28 00:00:00,1265137.15,254722.84,1150763,140348.69,,
2026-09-01 00:00:00,Option Premium Bill (NFO) 06-03-2026,OPTDLY/HPC39_8-0603,2026-08-31 00:00:00,1265137.15,254722.84,1206406,195991.69,,
2026-09-02 00:00:00,Option Premium Bill (NFO) 06-03-2026,OPTDLY/HPC39_8-0603,2026-09-01 00:00:00,1265137.15,254722.84,1328086,317671.69,,
2026-09-03 00:00:00,Option Premium Bill (NFO) 06-03-2026,OPTDLY/HPC39_8-0603,2026-09-02 00:00:00,1265137.15,254722.84,1392602,382187.69,,
2026-09-04 00:00:00,Option Premium Bill (NFO) 06-03-2026,OPTDLY/HPC39_8-0603,2026-09-03 00:00:00,1265137.15,254722.84,1387236,376821.69,,
2026-09-07 00:00:00,Option Premium Bill (NFO) 06-03-2026,OPTDLY/HPC39_8-0603,2026-09-04 00:00:00,1265137.15,254722.84,1352084,341669.69,,
2026-09-08 00:00:00,Option Premium Bill (NFO) 06-03-2026,OPTDLY/HPC39_8-0603,2026-09-07 00:00:00,1265137.15,254722.84,1486566,476151.69,,
2026-09-09 00:00:00,Option Premium Bill (NFO) 06-03-2026,OPTDLY/HPC39_8-0603,2026-09-08 00:00:00,1265137.15,254722.84,1583572,573157.69,,
2026-09-10 00:00:00,Option Premium Bill (NFO) 06-03-2026,OPTDLY/HPC39_8-0603,2026-09-09 00:00:00,1265137.15,254722.84,1739855,729440.69,,
2026-09-11 00:00:00,Option Premium Bill (NFO) 06-03-2026,OPTDLY/HPC39_8-0603,2026-09-10 00:00:00,1265137.15,254722.84,1800652,790237.69,,
2026-09-15 00:00:00,Option Premium Bill (NFO) 06-03-2026,OPTDLY/HPC39_8-0603,2026-09-11 00:00:00,1265137.15,254722.84,1791315,780900.69,,
2026-09-16 00:00:00,Option Premium Bill (NFO) 06-03-2026,OPTDLY/HPC39_8-0603,2026-09-15 00:00:00,1265137.15,254722.84,1994876,984461.69,,
2026-09-17 00:00:00,Option Premium Bill (NFO) 06-03-2026,OPTDLY/HPC39_8-0603,2026-09-16 00:00:00,1265137.15,254722.84,1960991,950576.69,,
